,nivel,p31,p4,p34_4,p34_4_1,p3_1
12,7.0,2.0,1.0,1.0,1.0,1.0
13,7.0,2.0,2.0,1.0,1.0,1.0
16,4.0,2.0,3.0,1.0,1.0,1.0
17,7.0,2.0,2.0,1.0,1.0,1.0
23,4.0,2.0,3.0,1.0,1.0,1.0
24,7.0,2.0,2.0,1.0,1.0,1.0
33,6.0,2.0,1.0,1.0,1.0,1.0
39,7.0,2.0,2.0,1.0,1.0,1.0
42,7.0,2.0,3.0,1.0,1.0,1.0
44,7.0,2.0,2.0,1.0,1.0,1.0
45,7.0,2.0,2.0,1.0,1.0,1.0
49,7.0,1.0,5.0,1.0,4.0,1.0
52,7.0,1.0,4.0,1.0,4.0,1.0
53,3.0,2.0,8.0,1.0,1.0,1.0
62,4.0,2.0,1.0,1.0,2.0,1.0
63,6.0,2.0,2.0,1.0,3.0,1.0
64,7.0,1.0,2.0,1.0,2.0,1.0
69,3.0,2.0,2.0,1.0,1.0,1.0
71,3.0,1.0,5.0,1.0,2.0,1.0
72,7.0,2.0,2.0,1.0,3.0,1.0
74,4.0,1.0,4.0,1.0,6.0,1.0
76,4.0,1.0,2.0,1.0,1.0,1.0
78,7.0,2.0,6.0,1.0,1.0,1.0
88,6.0,2.0,1.0,1.0,1.0,1.0
94,7.0,2.0,2.0,1.0,2.0,1.0
95,7.0,2.0,1.0,1.0,1.0,1.0
98,4.0,1.0,2.0,1.0,1.0,1.0
99,6.0,2.0,5.0,1.0,1.0,1.0
109,7.0,2.0,1.0,1.0,1.0,1.0
111,7.0,2.0,1.0,1.0,1.0,1.0
113,4.0,2.0,1.0,1.0,2.0,1.0
117,7.0,2.0,15.0,1.0,2.0,1.0
119,7.0,1.0,2.0,1.0,1.0,1.0
123,7.0,2.0,4.0,1.0,1.0,1.0
126,4.0,1.0,10.0,1.0,2.0,1.0
127,4.0,1.0,3.0,1.0,1.0,1.0
136,2.0,1.0,1.0,1.0,1.0,1.0
138,7.0,1.0,5.0,1.0,1.0,1.0
145,4.0,2.0,3.0,1.0,1.0,1.0
148,7.0,1.0,4.0,1.0,3.0,1.0
150,4.0,1.0,10.0,1.0,5.0,1.0
156,7.0,1.0,1.0,1.0,3.0,1.0
158,7.0,1.0,3.0,1.0,2.0,1.0
159,7.0,1.0,4.0,1.0,1.0,1.0
160,8.0,1.0,6.0,1.0,1.0,1.0
166,3.0,2.0,3.0,1.0,6.0,1.0
168,2.0,2.0,3.0,1.0,1.0,1.0
171,6.0,1.0,4.0,1.0,5.0,1.0
183,6.0,1.0,2.0,1.0,1.0,1.0
186,7.0,1.0,3.0,1.0,1.0,1.0
187,7.0,1.0,4.0,1.0,5.0,1.0
188,7.0,2.0,20.0,1.0,1.0,1.0
190,7.0,2.0,2.0,1.0,1.0,1.0
194,7.0,1.0,2.0,1.0,1.0,1.0
195,7.0,1.0,3.0,1.0,3.0,1.0
197,3.0,1.0,3.0,1.0,1.0,1.0
202,3.0,1.0,2.0,1.0,1.0,1.0
203,3.0,1.0,2.0,1.0,1.0,1.0
206,7.0,1.0,2.0,1.0,1.0,1.0
210,7.0,1.0,3.0,1.0,2.0,1.0
219,7.0,1.0,4.0,1.0,2.0,1.0
225,7.0,1.0,2.0,1.0,2.0,1.0
229,8.0,1.0,10.0,1.0,5.0,1.0
230,8.0,2.0,2.0,1.0,2.0,1.0
233,7.0,2.0,1.0,1.0,2.0,1.0
238,7.0,2.0,2.0,1.0,2.0,1.0
240,7.0,1.0,5.0,1.0,2.0,1.0
245,7.0,1.0,5.0,1.0,2.0,1.0
248,3.0,2.0,1.0,1.0,2.0,1.0
249,4.0,1.0,1.0,1.0,1.0,1.0
258,7.0,1.0,4.0,1.0,2.0,1.0
259,4.0,1.0,5.0,1.0,1.0,1.0
260,4.0,1.0,5.0,1.0,1.0,1.0
271,4.0,2.0,3.0,1.0,1.0,1.0
272,2.0,2.0,1.0,1.0,1.0,1.0
273,4.0,1.0,3.0,1.0,1.0,1.0
275,4.0,1.0,5.0,1.0,1.0,1.0
281,8.0,1.0,6.0,1.0,1.0,1.0
283,4.0,1.0,2.0,1.0,2.0,1.0
286,5.0,2.0,1.0,1.0,1.0,1.0
287,7.0,1.0,5.0,1.0,5.0,1.0
289,4.0,1.0,3.0,1.0,2.0,1.0
293,7.0,1.0,10.0,1.0,1.0,1.0
301,7.0,2.0,1.0,1.0,5.0,1.0
303,8.0,1.0,3.0,1.0,1.0,1.0
304,7.0,1.0,3.0,1.0,1.0,1.0
309,4.0,1.0,1.0,1.0,2.0,1.0
313,7.0,1.0,2.0,1.0,2.0,1.0
317,8.0,2.0,2.0,1.0,2.0,1.0
318,7.0,2.0,5.0,1.0,2.0,1.0
319,7.0,2.0,5.0,1.0,1.0,1.0
320,4.0,1.0,1.0,1.0,1.0,1.0
322,7.0,1.0,2.0,1.0,2.0,1.0
324,7.0,1.0,3.0,1.0,2.0,1.0
326,7.0,1.0,1.0,1.0,1.0,1.0
327,7.0,1.0,7.0,1.0,2.0,1.0
332,7.0,1.0,2.0,1.0,2.0,1.0
345,7.0,1.0,5.0,1.0,1.0,1.0
346,4.0,1.0,2.0,1.0,1.0,1.0
355,4.0,2.0,1.0,1.0,2.0,1.0
359,7.0,2.0,1.0,1.0,1.0,1.0
362,6.0,1.0,3.0,1.0,5.0,1.0
368,4.0,2.0,2.0,1.0,2.0,1.0
380,4.0,1.0,8.0,1.0,2.0,1.0
382,7.0,2.0,5.0,1.0,2.0,1.0
383,4.0,2.0,2.0,1.0,1.0,1.0
391,7.0,2.0,2.0,1.0,3.0,1.0
392,7.0,2.0,2.0,1.0,4.0,1.0
398,4.0,2.0,2.0,1.0,2.0,1.0
402,7.0,1.0,2.0,1.0,2.0,1.0
408,7.0,2.0,6.0,1.0,4.0,1.0
415,4.0,1.0,6.0,1.0,1.0,1.0
419,7.0,2.0,1.0,1.0,3.0,1.0
420,7.0,2.0,2.0,1.0,4.0,1.0
421,7.0,2.0,2.0,1.0,3.0,1.0
422,4.0,1.0,2.0,1.0,1.0,1.0
424,7.0,1.0,1.0,1.0,1.0,1.0
425,4.0,1.0,2.0,1.0,1.0,1.0
426,7.0,2.0,3.0,1.0,2.0,1.0
427,7.0,2.0,4.0,1.0,3.0,1.0
432,3.0,1.0,1.0,1.0,1.0,1.0
435,6.0,2.0,6.0,1.0,4.0,1.0
437,4.0,2.0,2.0,1.0,2.0,1.0
439,8.0,2.0,1.0,1.0,3.0,1.0
452,6.0,2.0,5.0,1.0,3.0,1.0
454,7.0,1.0,4.0,1.0,3.0,1.0
456,3.0,1.0,1.0,1.0,1.0,1.0
457,6.0,1.0,2.0,1.0,2.0,1.0
459,7.0,1.0,1.0,1.0,2.0,1.0
471,7.0,1.0,12.0,1.0,1.0,1.0
476,4.0,2.0,1.0,1.0,2.0,1.0
479,4.0,1.0,1.0,1.0,2.0,1.0
480,7.0,1.0,1.0,1.0,2.0,1.0
487,4.0,2.0,1.0,1.0,3.0,1.0
492,4.0,1.0,3.0,1.0,1.0,1.0
493,7.0,1.0,2.0,1.0,4.0,1.0
497,4.0,2.0,1.0,1.0,3.0,1.0
499,8.0,2.0,1.0,1.0,4.0,1.0
500,3.0,2.0,3.0,1.0,4.0,1.0
501,6.0,2.0,3.0,1.0,1.0,1.0
502,7.0,2.0,7.0,1.0,4.0,1.0
503,7.0,1.0,2.0,1.0,5.0,1.0
505,7.0,2.0,1.0,1.0,5.0,1.0
510,7.0,1.0,1.0,1.0,1.0,1.0
511,4.0,1.0,1.0,1.0,3.0,1.0
518,7.0,2.0,3.0,1.0,5.0,1.0
529,7.0,1.0,7.0,1.0,3.0,1.0
550,7.0,1.0,4.0,1.0,5.0,1.0
551,4.0,1.0,4.0,1.0,2.0,1.0
570,7.0,2.0,3.0,1.0,3.0,1.0
588,7.0,1.0,2.0,1.0,2.0,1.0
591,8.0,1.0,2.0,1.0,3.0,1.0
593,7.0,1.0,2.0,1.0,1.0,1.0
601,7.0,1.0,1.0,1.0,1.0,1.0
605,8.0,1.0,5.0,1.0,2.0,1.0
610,7.0,2.0,3.0,1.0,2.0,1.0
613,7.0,2.0,1.0,1.0,3.0,1.0
616,7.0,2.0,4.0,1.0,2.0,1.0
619,4.0,2.0,1.0,1.0,1.0,1.0
627,7.0,2.0,5.0,1.0,2.0,1.0
630,4.0,1.0,1.0,1.0,2.0,1.0
637,7.0,1.0,2.0,1.0,5.0,1.0
638,2.0,1.0,3.0,1.0,2.0,1.0
641,7.0,2.0,10.0,1.0,1.0,1.0
647,4.0,2.0,1.0,1.0,2.0,1.0
648,7.0,2.0,2.0,1.0,2.0,1.0
654,8.0,1.0,6.0,1.0,3.0,1.0
655,7.0,2.0,10.0,1.0,3.0,1.0
658,3.0,2.0,1.0,1.0,1.0,1.0
663,4.0,2.0,3.0,1.0,2.0,1.0
664,7.0,1.0,7.0,1.0,4.0,1.0
666,7.0,2.0,3.0,1.0,3.0,1.0
668,7.0,1.0,6.0,1.0,1.0,1.0
680,7.0,1.0,2.0,1.0,1.0,1.0
692,7.0,1.0,6.0,1.0,2.0,1.0
719,7.0,2.0,3.0,1.0,1.0,1.0
720,6.0,1.0,1.0,1.0,1.0,1.0
721,8.0,2.0,1.0,1.0,5.0,1.0
722,8.0,1.0,40.0,1.0,5.0,1.0
724,5.0,2.0,1.0,1.0,5.0,1.0
726,7.0,1.0,3.0,1.0,5.0,1.0
727,8.0,1.0,8.0,1.0,5.0,1.0
735,7.0,1.0,1.0,1.0,1.0,1.0
738,8.0,2.0,3.0,1.0,1.0,1.0
739,9.0,1.0,3.0,1.0,2.0,1.0
740,7.0,2.0,1.0,1.0,1.0,1.0
741,7.0,1.0,2.0,1.0,2.0,1.0
742,7.0,1.0,2.0,1.0,5.0,1.0
743,6.0,2.0,1.0,1.0,6.0,1.0
745,8.0,1.0,3.0,1.0,1.0,1.0
754,7.0,1.0,8.0,1.0,6.0,1.0
760,7.0,1.0,8.0,1.0,2.0,1.0
761,4.0,2.0,3.0,1.0,2.0,1.0
763,7.0,2.0,2.0,1.0,1.0,1.0
764,4.0,2.0,2.0,1.0,1.0,1.0
767,3.0,1.0,2.0,1.0,1.0,1.0
774,6.0,1.0,2.0,1.0,1.0,1.0
776,7.0,2.0,3.0,1.0,2.0,1.0
778,4.0,1.0,20.0,1.0,2.0,1.0
779,7.0,2.0,1.0,1.0,1.0,1.0
780,3.0,2.0,2.0,1.0,2.0,1.0
788,3.0,1.0,2.0,1.0,1.0,1.0
789,3.0,1.0,3.0,1.0,1.0,1.0
791,2.0,2.0,2.0,1.0,1.0,1.0
803,2.0,2.0,1.0,1.0,1.0,1.0
806,9.0,1.0,3.0,1.0,3.0,1.0
807,7.0,1.0,2.0,1.0,2.0,1.0
809,7.0,2.0,2.0,1.0,2.0,1.0
810,7.0,2.0,1.0,1.0,1.0,1.0
811,2.0,2.0,1.0,1.0,1.0,1.0
812,4.0,1.0,6.0,1.0,4.0,1.0
818,7.0,1.0,1.0,1.0,1.0,1.0
819,7.0,1.0,1.0,1.0,2.0,1.0
820,4.0,2.0,2.0,1.0,1.0,1.0
821,7.0,2.0,1.0,1.0,1.0,1.0
827,4.0,2.0,2.0,1.0,2.0,1.0
829,4.0,2.0,2.0,1.0,1.0,1.0
831,6.0,2.0,2.0,1.0,2.0,1.0
836,3.0,2.0,2.0,1.0,2.0,1.0
837,4.0,1.0,1.0,1.0,1.0,1.0
838,8.0,2.0,2.0,1.0,1.0,1.0
842,4.0,2.0,2.0,1.0,3.0,1.0
844,4.0,2.0,3.0,1.0,1.0,1.0
847,7.0,2.0,3.0,1.0,2.0,1.0
848,4.0,1.0,3.0,1.0,3.0,1.0
850,7.0,2.0,1.0,1.0,1.0,1.0
856,7.0,2.0,2.0,1.0,3.0,1.0
857,7.0,1.0,20.0,1.0,3.0,1.0
859,4.0,1.0,1.0,1.0,1.0,1.0
860,7.0,1.0,7.0,1.0,1.0,1.0
861,7.0,2.0,3.0,1.0,1.0,1.0
869,4.0,2.0,3.0,1.0,1.0,1.0
872,3.0,1.0,3.0,1.0,1.0,1.0
874,3.0,2.0,1.0,1.0,2.0,1.0
880,2.0,2.0,1.0,1.0,1.0,1.0
884,4.0,1.0,2.0,1.0,1.0,1.0
888,6.0,1.0,4.0,1.0,1.0,1.0
889,3.0,2.0,1.0,1.0,2.0,1.0
903,3.0,1.0,1.0,1.0,1.0,1.0
905,4.0,1.0,1.0,1.0,1.0,1.0
912,7.0,1.0,3.0,1.0,1.0,1.0
916,4.0,1.0,5.0,1.0,1.0,1.0
918,3.0,2.0,1.0,1.0,1.0,1.0
919,8.0,2.0,1.0,1.0,1.0,1.0
921,2.0,1.0,2.0,1.0,1.0,1.0
923,6.0,1.0,3.0,1.0,1.0,1.0
928,7.0,2.0,4.0,1.0,1.0,1.0
929,4.0,1.0,1.0,1.0,1.0,1.0
931,4.0,1.0,1.0,1.0,3.0,1.0
935,7.0,1.0,15.0,1.0,2.0,1.0
937,7.0,1.0,2.0,1.0,5.0,1.0
938,7.0,1.0,2.0,1.0,2.0,1.0
940,7.0,1.0,2.0,1.0,3.0,1.0
941,4.0,2.0,3.0,1.0,2.0,1.0
943,7.0,1.0,8.0,1.0,2.0,1.0
945,7.0,1.0,2.0,1.0,1.0,1.0
946,7.0,1.0,5.0,1.0,1.0,1.0
947,7.0,1.0,2.0,1.0,1.0,1.0
948,7.0,2.0,1.0,1.0,1.0,1.0
952,7.0,1.0,6.0,1.0,3.0,1.0
954,6.0,2.0,2.0,1.0,1.0,1.0
963,7.0,2.0,6.0,1.0,1.0,1.0
964,6.0,2.0,1.0,1.0,2.0,1.0
970,7.0,1.0,2.0,1.0,3.0,1.0
971,8.0,1.0,10.0,1.0,5.0,1.0
972,7.0,1.0,2.0,1.0,5.0,1.0
974,7.0,1.0,3.0,1.0,3.0,1.0
975,6.0,1.0,7.0,1.0,1.0,1.0
976,7.0,1.0,2.0,1.0,2.0,1.0
977,8.0,1.0,4.0,1.0,2.0,1.0
979,3.0,1.0,1.0,1.0,1.0,1.0
980,3.0,1.0,1.0,1.0,1.0,1.0
981,4.0,1.0,1.0,1.0,1.0,1.0
984,4.0,2.0,5.0,1.0,1.0,1.0
987,7.0,2.0,3.0,1.0,2.0,1.0
988,3.0,1.0,1.0,1.0,1.0,1.0
990,7.0,1.0,2.0,1.0,5.0,1.0
991,3.0,2.0,1.0,1.0,1.0,1.0
993,4.0,1.0,3.0,1.0,2.0,1.0
999,4.0,2.0,1.0,1.0,1.0,1.0
1009,8.0,1.0,12.0,1.0,3.0,1.0
1010,7.0,1.0,2.0,1.0,1.0,1.0
1017,7.0,1.0,2.0,1.0,1.0,1.0
1020,4.0,2.0,2.0,1.0,1.0,1.0
1023,6.0,2.0,4.0,1.0,3.0,1.0
1027,4.0,1.0,15.0,1.0,1.0,1.0
1030,7.0,2.0,7.0,1.0,4.0,1.0
1033,4.0,2.0,2.0,1.0,1.0,1.0
1034,4.0,2.0,2.0,1.0,1.0,1.0
1038,7.0,2.0,1.0,1.0,1.0,1.0
1042,7.0,2.0,5.0,1.0,4.0,1.0
1044,4.0,1.0,3.0,1.0,1.0,1.0
1045,4.0,2.0,3.0,1.0,1.0,1.0
1046,4.0,2.0,2.0,1.0,1.0,1.0
1047,7.0,1.0,4.0,1.0,2.0,1.0
1050,3.0,2.0,2.0,1.0,1.0,1.0
1055,7.0,2.0,1.0,1.0,1.0,1.0
1056,7.0,2.0,2.0,1.0,4.0,1.0
1059,6.0,2.0,10.0,1.0,1.0,1.0
1066,4.0,2.0,2.0,1.0,6.0,1.0
1068,7.0,1.0,4.0,1.0,1.0,1.0
1077,4.0,2.0,4.0,1.0,1.0,1.0
1089,4.0,1.0,2.0,1.0,1.0,1.0
1091,4.0,1.0,5.0,1.0,1.0,1.0
1094,7.0,1.0,2.0,1.0,1.0,1.0
1097,7.0,2.0,3.0,1.0,1.0,1.0
1101,9.0,2.0,5.0,1.0,2.0,1.0
1113,7.0,1.0,5.0,1.0,5.0,1.0
1114,6.0,2.0,2.0,1.0,4.0,1.0
1115,7.0,2.0,5.0,1.0,5.0,1.0
1116,7.0,2.0,5.0,1.0,5.0,1.0
1117,7.0,1.0,8.0,1.0,5.0,1.0
1118,9.0,1.0,3.0,1.0,5.0,1.0
1119,4.0,1.0,5.0,1.0,2.0,1.0
1120,7.0,2.0,5.0,1.0,4.0,1.0
1125,8.0,1.0,5.0,1.0,5.0,1.0
1127,7.0,1.0,4.0,1.0,4.0,1.0
1137,7.0,2.0,2.0,1.0,1.0,1.0
1138,7.0,2.0,3.0,1.0,3.0,1.0
1139,7.0,2.0,2.0,1.0,4.0,1.0
1145,7.0,1.0,1.0,1.0,1.0,1.0
1148,3.0,2.0,5.0,1.0,1.0,1.0
1152,7.0,1.0,2.0,1.0,1.0,1.0
1155,7.0,2.0,10.0,1.0,2.0,1.0
1156,7.0,1.0,1.0,1.0,2.0,1.0
1161,7.0,1.0,3.0,1.0,1.0,1.0
1166,7.0,2.0,2.0,1.0,1.0,1.0
1168,7.0,1.0,1.0,1.0,2.0,1.0
1169,8.0,1.0,1.0,1.0,2.0,1.0
1172,7.0,1.0,2.0,1.0,1.0,1.0
1174,3.0,2.0,1.0,1.0,1.0,1.0
1178,7.0,1.0,3.0,1.0,4.0,1.0
1182,7.0,1.0,5.0,1.0,1.0,1.0
1186,3.0,1.0,1.0,1.0,2.0,1.0
1189,7.0,1.0,1.0,1.0,1.0,1.0
1191,7.0,1.0,1.0,1.0,2.0,1.0
1192,7.0,2.0,4.0,1.0,1.0,1.0
1200,7.0,1.0,4.0,1.0,1.0,1.0
1202,7.0,1.0,2.0,1.0,5.0,1.0
1205,7.0,1.0,2.0,1.0,2.0,1.0
1210,4.0,2.0,3.0,1.0,2.0,1.0
1212,3.0,1.0,1.0,1.0,1.0,1.0
1217,8.0,1.0,3.0,1.0,1.0,1.0
1219,4.0,2.0,1.0,1.0,1.0,1.0
1220,7.0,2.0,1.0,1.0,1.0,1.0
1221,4.0,1.0,2.0,1.0,5.0,1.0
1225,2.0,1.0,2.0,1.0,1.0,1.0
1227,7.0,2.0,2.0,1.0,1.0,1.0
1235,8.0,1.0,2.0,1.0,2.0,1.0
1236,7.0,1.0,3.0,1.0,1.0,1.0
1241,7.0,1.0,15.0,1.0,5.0,1.0
1242,3.0,1.0,2.0,1.0,1.0,1.0
1250,4.0,1.0,5.0,1.0,1.0,1.0
1251,7.0,1.0,2.0,1.0,1.0,1.0
1252,7.0,2.0,1.0,1.0,1.0,1.0
1259,7.0,2.0,2.0,1.0,1.0,1.0
1260,8.0,2.0,1.0,1.0,2.0,1.0
1262,7.0,2.0,1.0,1.0,5.0,1.0
1263,7.0,2.0,1.0,1.0,4.0,1.0
1264,4.0,2.0,2.0,1.0,1.0,1.0
1271,7.0,2.0,1.0,1.0,1.0,1.0
1282,3.0,2.0,2.0,1.0,1.0,1.0
1284,4.0,1.0,3.0,1.0,5.0,1.0
1289,6.0,1.0,20.0,1.0,1.0,1.0
1290,7.0,2.0,1.0,1.0,1.0,1.0
1291,7.0,1.0,5.0,1.0,1.0,1.0
1292,7.0,1.0,3.0,1.0,5.0,1.0
1294,2.0,1.0,2.0,1.0,1.0,1.0
1303,8.0,2.0,2.0,1.0,1.0,1.0
1304,7.0,2.0,5.0,1.0,2.0,1.0
1305,7.0,2.0,1.0,1.0,1.0,1.0
1306,8.0,1.0,4.0,1.0,2.0,1.0
1307,7.0,1.0,3.0,1.0,1.0,1.0
1309,7.0,1.0,1.0,1.0,1.0,1.0
1312,3.0,1.0,2.0,1.0,1.0,1.0
1314,2.0,2.0,2.0,1.0,1.0,1.0
1319,7.0,1.0,3.0,1.0,1.0,1.0
1324,7.0,1.0,2.0,1.0,1.0,1.0
1327,4.0,2.0,5.0,1.0,1.0,1.0
1328,7.0,1.0,5.0,1.0,5.0,1.0
1329,7.0,2.0,4.0,1.0,5.0,1.0
1331,7.0,1.0,4.0,1.0,1.0,1.0
1334,7.0,1.0,1.0,1.0,2.0,1.0
1335,7.0,1.0,1.0,1.0,1.0,1.0
1344,3.0,2.0,3.0,1.0,2.0,1.0
1347,8.0,1.0,3.0,1.0,1.0,1.0
1352,7.0,1.0,5.0,1.0,1.0,1.0
1354,7.0,1.0,3.0,1.0,2.0,1.0
1355,7.0,2.0,2.0,1.0,1.0,1.0
1370,3.0,1.0,3.0,1.0,1.0,1.0
1374,7.0,2.0,1.0,1.0,1.0,1.0
1375,8.0,2.0,2.0,1.0,2.0,1.0
1376,7.0,1.0,8.0,1.0,2.0,1.0
1382,7.0,1.0,2.0,1.0,5.0,1.0
1384,7.0,1.0,6.0,1.0,4.0,1.0
1390,7.0,2.0,2.0,1.0,1.0,1.0
1392,7.0,1.0,2.0,1.0,1.0,1.0
1396,7.0,1.0,6.0,1.0,1.0,1.0
1399,6.0,1.0,2.0,1.0,2.0,1.0
1406,7.0,1.0,1.0,1.0,1.0,1.0
1414,6.0,1.0,2.0,1.0,1.0,1.0
1416,6.0,2.0,2.0,1.0,2.0,1.0
1422,3.0,2.0,1.0,1.0,1.0,1.0
1426,7.0,1.0,3.0,1.0,1.0,1.0
1427,7.0,1.0,2.0,1.0,5.0,1.0
1433,7.0,1.0,4.0,1.0,1.0,1.0
1436,4.0,1.0,1.0,1.0,2.0,1.0
1438,4.0,2.0,4.0,1.0,2.0,1.0
1446,7.0,1.0,1.0,1.0,4.0,1.0
1449,7.0,1.0,15.0,1.0,4.0,1.0
1456,4.0,2.0,2.0,1.0,1.0,1.0
1458,3.0,2.0,1.0,1.0,2.0,1.0
1461,8.0,2.0,3.0,1.0,1.0,1.0
1463,7.0,1.0,2.0,1.0,1.0,1.0
1466,4.0,1.0,3.0,1.0,1.0,1.0
1474,4.0,1.0,12.0,1.0,2.0,1.0
1479,4.0,1.0,1.0,1.0,1.0,1.0
1482,3.0,2.0,8.0,1.0,1.0,1.0
1484,7.0,2.0,2.0,1.0,2.0,1.0
1489,8.0,1.0,2.0,1.0,5.0,1.0
1491,7.0,1.0,11.0,1.0,3.0,1.0
1492,4.0,2.0,2.0,1.0,1.0,1.0
1493,4.0,1.0,70.0,1.0,5.0,1.0
1498,2.0,1.0,1.0,1.0,1.0,1.0
1501,9.0,1.0,15.0,1.0,1.0,1.0
1503,7.0,1.0,15.0,1.0,3.0,1.0
1505,4.0,1.0,2.0,1.0,1.0,1.0
1512,3.0,2.0,1.0,1.0,2.0,1.0
1513,7.0,2.0,2.0,1.0,2.0,1.0
1514,7.0,1.0,5.0,1.0,3.0,1.0
1516,3.0,1.0,1.0,1.0,4.0,1.0
1519,7.0,1.0,1.0,1.0,1.0,1.0
1521,4.0,1.0,1.0,1.0,1.0,1.0
1527,3.0,2.0,2.0,1.0,1.0,1.0
1530,7.0,1.0,2.0,1.0,1.0,1.0
1533,3.0,2.0,1.0,1.0,1.0,1.0
1535,7.0,1.0,2.0,1.0,1.0,1.0
1538,3.0,2.0,1.0,1.0,1.0,1.0
1539,7.0,2.0,1.0,1.0,2.0,1.0
1541,3.0,2.0,2.0,1.0,2.0,1.0
1542,7.0,1.0,5.0,1.0,5.0,1.0
1544,4.0,2.0,5.0,1.0,1.0,1.0
1549,7.0,2.0,1.0,1.0,2.0,1.0
1550,7.0,1.0,6.0,1.0,2.0,1.0
1552,4.0,1.0,1.0,1.0,2.0,1.0
1555,7.0,2.0,8.0,1.0,5.0,1.0
1557,7.0,1.0,4.0,1.0,5.0,1.0
1564,7.0,2.0,5.0,1.0,2.0,1.0
1565,7.0,2.0,1.0,1.0,1.0,1.0
1566,7.0,2.0,1.0,1.0,1.0,1.0
1569,8.0,1.0,1.0,1.0,3.0,1.0
1570,4.0,1.0,6.0,1.0,3.0,1.0
1571,4.0,1.0,1.0,1.0,1.0,1.0
1573,7.0,2.0,1.0,1.0,6.0,1.0
1574,4.0,1.0,2.0,1.0,2.0,1.0
1577,6.0,1.0,3.0,1.0,3.0,1.0
1578,7.0,2.0,2.0,1.0,3.0,1.0
1579,4.0,2.0,2.0,1.0,2.0,1.0
1580,8.0,1.0,4.0,1.0,4.0,1.0
1585,6.0,1.0,2.0,1.0,1.0,1.0
1588,7.0,1.0,3.0,1.0,1.0,1.0
1595,7.0,1.0,8.0,1.0,1.0,1.0
1596,6.0,1.0,1.0,1.0,1.0,1.0
1598,4.0,1.0,2.0,1.0,1.0,1.0
1601,7.0,2.0,1.0,1.0,1.0,1.0
1602,7.0,1.0,2.0,1.0,3.0,1.0
1603,7.0,1.0,1.0,1.0,1.0,1.0
1604,7.0,1.0,2.0,1.0,2.0,1.0
1605,6.0,2.0,2.0,1.0,1.0,1.0
1611,4.0,2.0,1.0,1.0,1.0,1.0
1612,7.0,2.0,2.0,1.0,5.0,1.0
1613,7.0,2.0,1.0,1.0,1.0,1.0
1618,6.0,1.0,2.0,1.0,1.0,1.0
1629,4.0,1.0,1.0,1.0,2.0,1.0
1631,4.0,1.0,2.0,1.0,2.0,1.0
1632,7.0,1.0,3.0,1.0,2.0,1.0
1634,4.0,2.0,2.0,1.0,1.0,1.0
1636,7.0,2.0,1.0,1.0,2.0,1.0
1640,4.0,2.0,3.0,1.0,1.0,1.0
1654,4.0,2.0,3.0,1.0,1.0,1.0
1655,8.0,2.0,3.0,1.0,2.0,1.0
1657,4.0,1.0,1.0,1.0,1.0,1.0
1659,7.0,1.0,1.0,1.0,1.0,1.0
1665,7.0,2.0,2.0,1.0,1.0,1.0
1666,7.0,1.0,8.0,1.0,2.0,1.0
1667,3.0,2.0,4.0,1.0,2.0,1.0
1670,6.0,2.0,2.0,1.0,1.0,1.0
1671,6.0,1.0,8.0,1.0,1.0,1.0
1673,4.0,2.0,1.0,1.0,1.0,1.0
1675,7.0,2.0,4.0,1.0,2.0,1.0
1676,7.0,2.0,2.0,1.0,2.0,1.0
1682,7.0,2.0,1.0,1.0,2.0,1.0
1701,4.0,1.0,4.0,1.0,1.0,1.0
1702,4.0,2.0,1.0,1.0,1.0,1.0
1706,6.0,2.0,2.0,1.0,1.0,1.0
1712,6.0,1.0,1.0,1.0,2.0,1.0
1715,7.0,1.0,4.0,1.0,1.0,1.0
1721,7.0,1.0,3.0,1.0,1.0,1.0
1722,7.0,1.0,3.0,1.0,1.0,1.0
1723,7.0,1.0,12.0,1.0,2.0,1.0
1726,7.0,1.0,2.0,1.0,1.0,1.0
1732,7.0,2.0,3.0,1.0,2.0,1.0
1739,7.0,1.0,3.0,1.0,1.0,1.0
1740,4.0,2.0,2.0,1.0,1.0,1.0
1741,7.0,2.0,1.0,1.0,1.0,1.0
1742,6.0,1.0,1.0,1.0,4.0,1.0
1749,4.0,1.0,1.0,1.0,1.0,1.0
1753,3.0,1.0,15.0,1.0,2.0,1.0
1758,8.0,2.0,3.0,1.0,2.0,1.0
1760,7.0,1.0,6.0,1.0,4.0,1.0
1762,8.0,2.0,4.0,1.0,2.0,1.0
1767,4.0,1.0,5.0,1.0,3.0,1.0
1771,3.0,1.0,1.0,1.0,2.0,1.0
1772,4.0,2.0,1.0,1.0,4.0,1.0
1773,8.0,1.0,5.0,1.0,1.0,1.0
1774,9.0,1.0,2.0,1.0,2.0,1.0
1777,7.0,1.0,3.0,1.0,6.0,1.0
1779,7.0,2.0,1.0,1.0,1.0,1.0
1787,6.0,2.0,1.0,1.0,1.0,1.0
1788,4.0,1.0,1.0,1.0,1.0,1.0
1790,7.0,1.0,2.0,1.0,1.0,1.0
1791,8.0,1.0,10.0,1.0,5.0,1.0
1792,7.0,1.0,5.0,1.0,1.0,1.0
1797,7.0,1.0,2.0,1.0,1.0,1.0
1798,3.0,1.0,1.0,1.0,1.0,1.0
1799,7.0,1.0,3.0,1.0,1.0,1.0
1805,7.0,2.0,1.0,1.0,1.0,1.0
1806,4.0,2.0,1.0,1.0,1.0,1.0
1807,7.0,1.0,1.0,1.0,1.0,1.0
1814,6.0,2.0,2.0,1.0,2.0,1.0
1817,7.0,2.0,2.0,1.0,1.0,1.0
1825,7.0,1.0,1.0,1.0,1.0,1.0
1837,4.0,1.0,2.0,1.0,2.0,1.0
1843,2.0,1.0,1.0,1.0,1.0,1.0
1848,7.0,1.0,8.0,1.0,1.0,1.0
1854,3.0,1.0,3.0,1.0,2.0,1.0
1858,4.0,1.0,6.0,1.0,1.0,1.0
1868,5.0,1.0,3.0,1.0,4.0,1.0
1869,4.0,2.0,1.0,1.0,1.0,1.0
1870,4.0,1.0,2.0,1.0,1.0,1.0
1886,6.0,1.0,3.0,1.0,1.0,1.0
1888,7.0,2.0,3.0,1.0,1.0,1.0
1899,4.0,2.0,2.0,1.0,3.0,1.0
1900,7.0,1.0,3.0,1.0,4.0,1.0
1902,4.0,2.0,1.0,1.0,2.0,1.0
1904,2.0,2.0,3.0,1.0,3.0,1.0
1906,7.0,2.0,2.0,1.0,3.0,1.0
1907,6.0,2.0,3.0,1.0,3.0,1.0
1911,4.0,2.0,2.0,1.0,2.0,1.0
1912,4.0,2.0,1.0,1.0,1.0,1.0
1917,7.0,1.0,4.0,1.0,4.0,1.0
1918,7.0,2.0,3.0,1.0,4.0,1.0
1923,4.0,1.0,4.0,1.0,3.0,1.0
1926,7.0,2.0,2.0,1.0,3.0,1.0
1928,4.0,2.0,12.0,1.0,4.0,1.0
1929,7.0,1.0,3.0,1.0,2.0,1.0
1930,7.0,2.0,4.0,1.0,2.0,1.0
1931,3.0,1.0,5.0,1.0,1.0,1.0
1935,3.0,2.0,2.0,1.0,3.0,1.0
1936,7.0,2.0,2.0,1.0,2.0,1.0
1938,2.0,1.0,4.0,1.0,3.0,1.0
1945,8.0,1.0,2.0,1.0,5.0,1.0
1946,6.0,2.0,2.0,1.0,2.0,1.0
1948,3.0,2.0,1.0,1.0,1.0,1.0
1949,6.0,2.0,1.0,1.0,6.0,1.0
1950,8.0,2.0,2.0,1.0,2.0,1.0
1969,7.0,2.0,2.0,1.0,1.0,1.0
1983,8.0,1.0,2.0,1.0,3.0,1.0
1984,7.0,1.0,3.0,1.0,2.0,1.0
1988,7.0,2.0,1.0,1.0,2.0,1.0
1989,8.0,2.0,5.0,1.0,1.0,1.0
1992,3.0,1.0,3.0,1.0,1.0,1.0
1997,7.0,1.0,2.0,1.0,3.0,1.0
1998,4.0,2.0,1.0,1.0,1.0,1.0
1999,7.0,1.0,50.0,1.0,1.0,1.0
2000,6.0,2.0,2.0,1.0,1.0,1.0
2002,3.0,1.0,3.0,1.0,2.0,1.0
2007,6.0,1.0,1.0,1.0,1.0,1.0
2009,7.0,1.0,2.0,1.0,4.0,1.0
2011,7.0,2.0,1.0,1.0,2.0,1.0
2013,7.0,1.0,4.0,1.0,3.0,1.0
2014,7.0,2.0,1.0,1.0,3.0,1.0
