nivel,p3_1,p4,edad,p32,p34_4,p34_4_1,factor
3,2,0,52,5,1,1,36731
3,2,0,55,2,2,0,9183
3,2,0,59,3,1,1,36731
4,2,0,30,4,1,1,18365
3,2,0,54,0,1,1,7488
4,2,0,30,0,1,1,7488
2,2,0,66,2,1,1,7488
3,2,0,45,3,1,1,37436
4,2,0,26,0,1,1,7219
4,2,0,41,0,1,1,14438
4,2,0,34,0,1,1,7219
4,2,0,47,0,1,1,14438
7,1,1,54,0,1,1,16866
7,1,2,24,0,1,1,33732
4,2,0,37,0,1,1,16866
4,2,0,58,2,1,1,33732
4,1,3,22,0,1,1,41846
7,1,2,41,0,1,1,10462
4,2,0,23,2,1,1,20923
4,2,0,29,2,1,1,15088
4,2,0,59,2,1,1,22631
3,2,0,41,3,1,1,15088
2,2,0,40,0,1,1,15088
4,1,3,18,0,1,1,38673
7,1,2,35,0,1,1,38673
2,2,0,55,3,1,1,77348
3,2,0,43,3,2,0,38673
3,2,0,40,3,1,1,8033
3,2,0,26,3,1,1,16065
7,2,0,32,2,1,1,16065
2,2,0,40,3,1,1,8033
3,2,0,19,3,1,1,15435
2,2,0,43,3,2,0,7717
6,1,1,64,0,1,1,23153
3,2,0,31,0,1,1,15051
3,2,0,58,0,1,1,22576
7,2,0,49,3,1,1,15051
3,2,0,50,0,1,1,15051
6,2,0,56,3,1,1,15237
7,1,2,28,0,1,1,22855
3,2,0,28,0,1,1,7618
3,2,0,70,0,1,1,15237
7,1,3,56,0,1,1,12811
7,2,0,37,0,1,1,12811
7,1,2,40,0,1,1,19217
7,1,2,53,0,1,1,12811
4,2,0,48,0,1,1,11162
3,2,0,26,0,1,1,16743
2,2,0,66,0,2,0,11162
7,1,5,21,0,1,4,13424
3,2,0,60,0,1,1,26847
3,2,0,30,2,1,2,20136
7,1,4,30,0,1,4,17151
3,1,8,66,0,1,1,17151
7,2,0,62,0,3,0,8575
2,1,1,72,0,2,0,18783
2,2,0,67,0,2,0,6261
2,2,0,36,1,3,0,6261
4,1,4,25,0,2,0,18544
0,0,0,66,0,0,0,9272
0,2,0,60,2,2,0,18544
3,2,0,52,3,2,0,46360
4,1,1,31,0,1,2,10268
6,1,2,43,0,1,3,51337
7,1,2,33,0,1,2,10268
3,2,0,31,3,1,2,41069
7,2,0,41,1,1,6,27631
2,2,0,33,1,2,0,50984
0,2,0,60,0,2,0,16995
3,1,2,29,0,1,1,16995
2,2,0,59,1,3,0,8497
3,1,5,35,0,1,2,30768
7,1,2,61,0,1,3,7692
4,2,0,57,3,1,1,15384
4,1,4,20,0,1,6,45615
2,2,0,78,5,3,0,11404
4,1,2,34,0,1,1,8593
7,1,1,57,0,2,0,8593
7,1,6,22,0,1,1,25778
7,1,3,21,0,2,0,57999
3,2,0,22,2,1,1,14499
4,2,0,65,5,1,3,23433
7,2,0,39,0,1,2,15623
3,2,0,37,0,2,0,7811
3,2,0,48,0,2,0,18598
4,2,0,31,3,2,0,18598
3,2,0,44,2,2,0,24797
4,2,0,51,0,3,0,24797
6,1,1,61,0,1,1,15607
4,2,0,43,0,1,1,31213
7,1,1,25,0,2,0,39016
7,1,1,73,0,2,0,15607
0,0,0,64,0,0,0,15768
2,1,2,71,0,2,0,15768
7,1,2,23,0,1,2,15768
7,1,1,32,0,1,1,10025
7,2,0,45,3,1,2,10025
2,2,0,45,3,2,0,20051
4,1,2,43,0,1,1,30075
6,1,5,69,0,1,1,10163
7,2,0,27,1,1,1,10163
7,2,0,38,1,1,1,10163
4,2,0,33,1,2,0,8880
3,2,0,25,0,2,0,17759
3,2,0,42,1,2,0,17759
4,2,0,29,3,2,0,26639
4,2,0,39,4,2,0,16722
0,0,0,83,0,0,0,25082
6,1,1,47,0,2,0,33443
7,1,1,36,0,1,1,16722
6,2,0,56,1,1,1,29237
7,1,1,25,0,1,1,9746
7,2,0,38,0,1,1,9746
4,1,1,47,0,1,2,10781
3,2,0,39,1,2,0,21564
6,2,0,68,1,2,0,10781
2,2,0,25,0,2,0,21564
7,1,15,30,0,1,2,7508
4,2,0,41,2,2,0,7508
7,1,2,38,0,1,1,7508
2,2,0,63,5,2,0,22524
6,2,0,53,1,2,0,25709
7,1,2,49,0,2,0,8570
7,1,4,50,0,1,1,8570
2,1,1,64,0,2,0,25709
7,2,0,67,0,1,3,22946
4,1,10,49,0,1,2,22946
4,1,3,39,0,1,1,8293
2,1,1,64,0,2,0,15297
2,2,0,57,3,2,0,16586
4,2,0,56,0,2,0,49757
3,2,0,37,0,2,0,16586
8,2,0,45,0,1,2,16704
6,2,0,29,0,1,1,16704
3,2,0,22,0,2,0,16704
3,1,1,52,0,2,0,25057
2,1,1,63,0,1,1,16381
7,2,0,38,0,2,0,16381
7,1,5,31,0,1,1,32762
7,1,6,33,0,2,0,15679
3,2,0,33,0,2,0,23518
7,2,0,34,0,1,1,15679
3,2,0,50,0,1,1,15679
3,2,0,65,3,2,0,15874
4,1,4,42,0,2,0,15874
4,1,3,32,0,1,1,15874
4,2,0,29,0,1,1,23811
3,2,0,74,5,2,0,6392
7,1,4,32,0,1,3,6392
2,1,3,75,0,2,0,25568
4,1,10,25,0,1,5,12784
3,2,0,51,0,2,0,8965
3,1,3,33,0,2,0,17930
4,2,0,32,0,2,0,17930
3,2,0,58,3,2,0,17930
7,2,0,63,3,1,1,17523
7,1,1,33,0,1,3,35046
2,2,0,53,0,2,0,17523
7,1,3,33,0,1,2,26284
7,1,4,30,0,1,1,17434
8,1,6,49,0,1,1,17434
2,1,1,69,0,2,0,8717
2,1,4,79,0,2,0,7617
7,2,0,21,0,1,2,38087
2,1,2,52,0,2,0,15235
3,2,0,48,1,2,0,22852
3,1,3,63,0,1,6,11358
4,2,0,46,0,1,5,34074
2,1,3,23,0,1,1,18436
6,2,0,44,0,1,1,27653
2,2,0,41,0,2,0,36870
6,1,4,20,0,1,5,20073
3,2,0,53,5,1,1,20073
3,1,1,78,0,2,0,20073
2,1,1,89,0,2,0,10036
4,2,0,40,0,2,0,17853
3,2,0,43,0,2,0,17853
2,2,0,49,0,2,0,26779
4,1,2,27,0,2,0,8927
3,2,0,53,1,1,3,25545
4,2,0,46,0,1,6,17030
3,2,0,32,0,1,1,17030
3,2,0,41,0,1,3,17030
6,1,2,45,0,1,1,9301
4,1,1,59,0,2,0,18603
7,2,0,31,0,1,1,7219
7,1,3,44,0,1,1,14438
7,1,4,61,0,1,5,36096
7,1,20,66,0,1,1,7219
7,1,1,41,0,2,0,18503
7,1,2,34,0,1,1,18503
2,2,0,58,5,1,1,9252
7,2,0,23,0,1,1,27755
4,2,0,45,3,1,5,42854
7,1,2,62,0,1,1,21427
7,1,3,39,0,1,3,10713
2,2,0,47,0,1,1,19403
3,1,3,29,0,1,1,29104
3,2,0,44,1,2,0,19403
2,1,1,62,0,2,0,9701
6,1,1,29,0,2,0,18467
3,2,0,44,0,2,0,27701
3,1,2,20,0,1,1,27701
3,1,2,33,0,1,1,27701
2,2,0,72,3,2,0,33380
0,0,0,76,0,0,0,41725
7,1,2,20,0,1,1,33380
0,0,0,77,0,0,0,25035
7,2,0,38,0,1,1,35166
4,2,0,24,0,1,1,35166
7,1,3,27,0,1,2,17583
3,2,0,39,3,1,1,35166
2,2,0,54,2,2,0,25989
2,2,0,79,5,1,1,6497
4,2,0,19,0,1,2,25989
2,2,0,58,0,3,0,16303
3,0,0,50,0,0,0,24454
6,2,0,48,1,3,0,24454
4,2,0,33,3,2,0,16303
7,1,4,36,0,1,2,8834
4,2,0,30,3,2,0,35338
7,2,0,38,0,1,1,8834
4,2,0,55,3,1,2,17669
6,2,0,50,2,2,0,81815
6,2,0,74,5,2,0,61360
7,1,2,65,0,1,2,40907
7,2,0,63,0,1,3,40907
7,2,0,59,0,1,2,43127
7,2,0,65,5,1,1,43127
8,1,10,28,0,1,5,10781
8,1,2,49,0,1,2,32345
4,2,0,39,0,2,0,14339
7,2,0,63,5,1,1,7170
7,1,1,32,0,1,2,14339
2,0,0,44,0,0,0,21990
3,2,0,44,1,2,0,21990
3,1,3,36,0,2,0,21990
7,2,0,46,0,1,1,21990
7,1,2,63,0,1,2,10584
7,2,0,38,1,1,3,10584
7,1,5,28,0,1,2,10584
3,2,0,55,2,2,0,9273
2,2,0,59,5,2,0,9273
3,2,0,50,2,3,0,9273
3,2,0,51,0,2,0,18548
7,1,5,21,0,1,2,24242
3,2,0,52,1,2,0,8081
4,2,0,41,1,2,0,16161
3,1,1,60,0,1,2,8081
4,1,1,24,0,1,1,27263
3,2,0,32,2,2,0,18175
3,2,0,75,5,1,2,18175
4,2,0,47,1,3,0,9088
3,2,0,44,2,2,0,18433
3,2,0,58,4,3,0,9216
4,2,0,28,1,2,0,18433
2,2,0,66,5,1,1,9216
6,2,0,54,1,2,0,80183
7,1,4,39,0,1,2,32074
4,1,5,21,0,1,1,32074
4,1,5,18,0,1,1,22998
3,1,2,37,0,2,0,7666
4,1,2,35,0,2,0,22998
3,2,0,35,0,1,1,15332
8,1,3,47,0,2,0,24238
4,2,0,30,0,1,1,32317
4,2,0,21,0,1,1,8079
4,2,0,30,3,1,1,16158
2,1,2,69,0,2,0,16939
3,2,0,53,6,2,0,5646
2,2,0,74,1,2,0,11293
4,1,3,53,0,1,1,22586
2,1,1,79,0,1,1,11122
4,1,3,19,0,1,1,22244
2,2,0,63,3,2,0,22244
4,1,5,18,0,1,1,33366
7,1,1,42,0,2,0,7776
3,1,3,33,0,2,0,7776
3,2,0,47,0,1,2,23330
4,1,1,55,0,2,0,23330
2,0,0,64,0,0,0,30622
8,1,6,25,0,1,1,51037
7,1,1,36,0,2,0,20415
4,1,2,24,0,1,2,20415
7,2,0,38,0,1,2,14313
6,1,1,62,0,2,0,14313
5,1,1,65,0,1,1,14313
7,1,5,34,0,1,5,21469
7,2,0,34,0,1,3,18849
4,1,3,26,0,1,2,9425
6,2,0,40,0,1,1,18849
7,2,0,56,0,1,3,28274
2,1,1,64,0,2,0,19745
7,1,10,43,0,1,1,6582
0,0,0,65,0,0,0,46074
6,2,0,58,1,2,0,6582
4,2,0,34,0,2,0,27948
6,2,0,76,0,1,1,6987
7,1,1,39,0,2,0,13973
2,1,3,53,0,2,0,28808
2,0,0,75,0,0,0,9603
7,1,1,21,0,1,5,21145
8,2,0,24,2,1,3,31717
8,1,3,55,0,1,1,21145
7,1,3,23,0,1,1,21766
2,2,0,53,4,2,0,10883
3,2,0,22,1,1,1,21766
3,1,1,35,0,2,0,16481
3,2,0,64,5,2,0,8240
4,1,1,52,0,1,2,32961
3,2,0,51,1,1,2,7875
6,2,0,41,0,1,1,7875
3,2,0,55,1,2,0,23626
7,1,2,34,0,1,2,15751
3,2,0,43,3,2,0,31986
7,2,0,21,2,2,0,23990
6,2,0,44,3,1,1,31446
8,1,2,38,0,1,2,20965
7,1,5,19,0,1,2,20965
7,1,5,22,0,1,1,31446
4,1,1,31,0,1,1,7825
2,2,0,60,3,2,0,15649
7,1,2,37,0,1,2,15649
7,2,0,24,3,1,1,31298
7,1,3,24,0,1,2,40796
7,2,0,26,1,1,2,20398
7,1,1,58,0,1,1,30597
7,1,7,21,0,1,2,40796
2,1,1,62,0,2,0,16666
3,2,0,56,3,2,0,8333
2,0,0,76,0,0,0,8333
7,2,0,25,3,1,1,16666
7,1,2,53,0,1,2,16811
7,2,0,48,3,1,5,16811
7,2,0,51,3,2,0,16811
7,2,0,20,3,1,1,16811
3,1,1,65,0,2,0,9783
3,2,0,51,1,2,0,48911
7,2,0,24,0,1,1,32241
7,2,0,40,1,2,0,24181
3,1,1,51,0,2,0,24181
3,1,1,62,0,2,0,16121
6,1,2,52,0,2,0,20535
7,1,4,18,0,2,0,27380
3,1,1,70,0,3,0,13142
7,1,5,64,0,1,1,19713
4,1,2,38,0,1,1,13691
2,2,0,83,2,2,0,20535
4,2,0,65,0,2,0,18022
3,2,0,41,0,2,0,18022
2,2,0,51,1,2,0,27033
4,2,0,52,0,2,0,33813
4,2,0,60,0,2,0,8453
4,2,0,30,0,2,0,25360
4,2,0,25,0,1,2,16907
4,1,1,31,0,1,2,7678
2,2,0,37,0,2,0,15357
4,2,0,25,0,1,2,15357
3,2,0,37,1,2,0,15357
7,1,1,65,0,1,1,11300
6,2,0,56,0,1,2,22599
6,2,0,70,0,1,1,5650
6,1,3,57,0,1,5,22599
7,2,0,20,0,2,0,34830
3,2,0,41,0,2,0,6966
7,2,0,35,0,2,0,13932
3,2,0,38,3,2,0,20898
4,2,0,48,0,1,1,22276
4,1,2,53,0,1,2,22276
7,2,0,40,3,2,0,15118
4,2,0,64,3,2,0,30235
3,1,1,60,0,2,0,37794
7,2,0,40,0,1,1,7425
7,2,0,64,1,2,0,22677
7,2,0,53,0,1,2,7503
3,2,0,46,0,2,0,15005
4,1,1,58,0,2,0,22509
7,2,0,50,0,1,1,8895
4,2,0,44,1,1,1,8895
3,0,0,34,0,0,0,8895
4,1,8,25,0,1,2,15951
7,2,0,62,0,2,0,7976
7,1,5,36,0,1,2,15951
4,1,2,39,0,1,1,23926
3,2,0,58,0,2,0,23972
4,2,0,56,1,3,0,7991
4,2,0,40,0,2,0,15982
4,2,0,48,3,2,0,7991
7,2,0,55,0,1,2,25436
8,2,0,48,1,1,1,16957
7,2,0,28,0,1,3,8479
7,1,2,44,0,1,3,16957
7,1,2,41,0,1,4,14248
7,2,0,45,0,1,3,14248
8,2,0,47,0,1,4,14248
7,2,0,54,0,2,0,30350
4,2,0,32,0,2,0,10116
6,2,0,65,3,2,0,20233
4,1,2,46,0,1,2,10116
7,2,0,26,0,1,1,33762
7,2,0,24,0,2,0,45015
2,1,1,75,0,2,0,22508
7,1,2,26,0,1,2,33762
4,2,0,35,0,2,0,22244
2,2,0,33,0,1,1,14829
3,2,0,54,0,1,1,14829
2,2,0,65,0,2,0,22244
2,2,0,46,0,2,0,20991
7,1,6,39,0,1,4,20991
4,2,0,70,1,2,0,31486
0,0,0,83,0,0,0,20991
2,0,0,62,0,0,0,68483
4,2,0,61,3,1,1,9784
4,2,0,38,0,1,2,29350
6,2,0,53,0,1,2,19566
4,1,6,26,0,1,1,27524
4,2,0,58,1,2,0,6881
3,2,0,55,1,2,0,13762
2,2,0,92,5,2,0,34405
7,1,1,36,0,1,3,23271
7,1,2,29,0,1,4,23271
7,1,2,59,0,1,3,34907
4,1,2,59,0,1,1,21698
4,2,0,31,0,1,6,21698
7,1,1,35,0,1,1,43396
4,1,2,44,0,1,1,32547
7,1,3,36,0,1,2,29660
7,1,4,29,0,1,3,14830
7,2,0,57,1,2,0,14830
7,2,0,61,0,2,0,22245
7,1,1,61,0,3,0,11166
2,1,1,77,0,3,0,5584
3,1,1,38,0,1,1,11166
3,2,0,63,0,1,1,5584
2,2,0,76,5,1,2,10612
6,1,6,74,0,1,4,10612
2,2,0,88,5,1,2,10612
4,1,2,56,0,1,2,10612
6,2,0,53,0,1,2,15229
8,1,1,48,0,1,3,15229
6,2,0,53,3,1,1,15229
7,2,0,54,0,1,2,7615
7,2,0,79,0,2,0,23407
8,2,0,77,3,2,0,11703
2,2,0,79,0,1,2,11703
4,2,0,46,0,2,0,11703
7,1,2,66,0,2,0,34652
4,2,0,38,0,1,2,25989
2,2,0,67,2,2,0,25989
3,2,0,44,0,1,3,14831
4,2,0,36,3,1,1,29662
4,2,0,30,0,1,1,37077
6,1,5,57,0,1,3,22246
3,2,0,69,0,1,1,17624
7,1,4,33,0,1,3,11715
2,2,0,68,3,2,0,11715
3,1,1,28,0,1,1,26436
6,1,2,32,0,1,2,35248
7,2,0,35,0,1,1,17624
7,1,1,39,0,1,2,58571
8,2,0,59,3,2,0,8021
7,2,0,33,3,2,0,16043
7,2,0,25,3,2,0,8021
4,2,0,31,1,2,0,16043
7,2,0,30,3,2,0,23846
7,2,0,21,3,2,0,47693
7,1,2,32,0,2,0,23846
7,2,0,51,3,2,0,11924
6,1,1,67,0,2,0,19025
3,2,0,55,0,2,0,9512
2,1,2,66,0,2,0,9512
7,1,12,44,0,1,1,9512
7,2,0,26,3,1,2,7560
0,2,0,79,0,2,0,15119
4,2,0,40,1,1,1,7560
2,2,0,69,5,2,0,7560
4,1,1,33,0,1,2,15005
2,2,0,37,0,2,0,30012
3,2,0,55,0,2,0,22509
4,1,1,43,0,1,2,8305
7,1,1,33,0,1,2,16610
4,2,0,31,0,1,2,16610
7,2,0,37,0,1,2,8305
7,2,0,21,0,2,0,21294
0,0,0,83,0,0,0,21294
3,2,0,37,0,2,0,21294
2,2,0,75,1,2,0,14196
4,1,1,38,0,1,3,14317
4,2,0,62,1,1,1,7159
7,2,0,45,0,1,3,7159
4,2,0,63,5,1,4,5180
0,0,0,56,0,0,0,5180
4,1,3,30,0,1,1,10360
7,1,2,25,0,1,4,25900
4,2,0,48,0,1,4,8400
4,2,0,33,0,1,1,8400
4,2,0,48,3,1,2,8400
4,1,1,60,0,1,3,16509
8,2,0,41,0,1,2,16509
8,1,1,35,0,1,4,8255
3,1,3,66,0,1,4,9644
6,1,3,85,0,1,1,19287
7,1,7,60,0,1,4,28931
7,1,2,20,0,1,5,18267
4,2,0,68,0,2,0,3654
7,1,1,54,0,1,5,7306
7,2,0,29,3,2,0,15982
3,2,0,55,1,2,0,39954
7,2,0,32,0,2,0,7991
4,2,0,18,3,2,0,15982
7,1,1,65,0,1,1,44435
4,1,1,48,0,1,3,8887
4,2,0,25,0,2,0,21460
4,2,0,41,0,2,0,50073
3,2,0,66,2,1,2,50073
3,2,0,59,3,2,0,7153
4,2,0,49,0,1,2,12485
4,2,0,58,0,1,3,6242
7,1,3,26,0,1,5,12485
3,2,0,30,0,1,2,18727
2,2,0,25,0,1,2,12725
6,2,0,70,1,1,1,12725
2,2,0,58,3,1,3,12725
4,2,0,51,0,1,2,38173
4,2,0,55,0,2,0,41792
3,2,0,42,0,1,1,20896
4,2,0,43,3,2,0,62687
3,2,0,28,0,2,0,41792
3,2,0,71,1,2,0,33110
7,1,7,57,0,1,3,6622
4,2,0,25,0,1,1,39732
3,2,0,65,1,1,1,13244
4,2,0,42,0,2,0,10145
7,2,0,70,3,2,0,10145
4,2,0,34,1,1,1,10145
4,2,0,60,3,1,1,40582
3,2,0,43,0,1,2,7990
3,2,0,50,1,1,1,7990
3,2,0,33,1,1,1,15980
2,2,0,60,0,1,1,7990
3,2,0,52,0,1,1,21801
3,2,0,70,1,2,0,65403
3,2,0,50,3,2,0,10901
2,2,0,84,3,2,0,65403
6,2,0,60,0,1,2,20553
4,2,0,59,0,1,1,10276
7,2,0,56,1,1,1,10276
3,2,0,51,0,1,3,41105
4,2,0,30,0,2,0,17326
2,1,1,77,0,2,0,8663
7,1,4,61,0,1,5,8663
4,1,4,20,0,1,2,25989
2,2,0,70,1,2,0,8583
4,2,0,72,0,2,0,34331
7,2,0,53,0,2,0,34331
4,2,0,39,0,1,2,8583
3,2,0,46,0,2,0,16595
2,2,0,76,2,2,0,8297
0,2,0,73,3,2,0,16595
2,2,0,76,0,2,0,9336
7,2,0,35,0,2,0,9336
3,2,0,62,1,2,0,18672
4,2,0,59,0,2,0,28007
4,1,2,45,0,2,0,26484
8,2,0,57,0,1,2,8828
3,2,0,49,0,2,0,17656
3,2,0,42,0,1,1,43048
4,2,0,21,0,2,0,57398
4,2,0,60,0,2,0,71747
4,2,0,30,0,1,1,28699
7,1,3,19,0,1,3,38940
7,2,0,77,0,1,1,19470
7,2,0,51,0,2,0,29205
7,2,0,28,0,2,0,19470
2,2,0,47,0,2,0,27613
2,2,0,63,1,2,0,18409
4,2,0,28,0,2,0,18409
7,2,0,27,0,1,2,36818
2,2,0,74,5,2,0,8746
4,2,0,31,3,2,0,8746
4,2,0,45,0,1,1,26239
4,2,0,41,0,1,1,8746
2,2,0,92,5,2,0,34290
4,0,0,39,0,0,0,25717
3,2,0,53,0,2,0,18253
4,2,0,58,0,1,4,36507
3,2,0,34,3,2,0,18253
7,2,0,53,0,1,2,18253
7,1,2,22,0,1,2,24910
3,2,0,78,5,1,2,12455
7,1,1,41,0,2,0,24910
8,1,2,38,0,1,3,33979
7,2,0,43,0,1,2,16989
7,1,2,31,0,1,1,25484
6,2,0,65,0,2,0,8316
4,2,0,47,0,1,1,24949
3,2,0,25,3,2,0,8316
7,1,1,21,0,2,0,68190
3,2,0,45,1,2,0,19483
3,2,0,20,0,1,1,38966
2,2,0,67,0,2,0,29224
7,1,1,34,0,1,1,18650
2,2,0,67,1,2,0,18650
7,2,0,26,3,1,2,9325
4,2,0,53,0,1,2,9325
8,1,5,41,0,1,2,8580
7,2,0,51,0,1,1,25741
6,2,0,75,2,3,0,25741
7,2,0,72,5,1,1,8580
4,2,0,36,0,1,2,14387
7,1,3,22,0,1,2,28774
3,2,0,35,3,1,1,21580
7,2,0,32,0,1,3,25989
7,1,1,25,0,1,3,25989
3,1,2,59,0,2,0,34652
7,2,0,55,0,2,0,34780
7,1,4,38,0,1,2,17390
7,2,0,57,5,1,2,17390
2,0,0,65,0,0,0,31867
4,1,1,49,0,1,1,31867
7,1,4,22,0,2,0,31867
3,1,3,59,0,2,0,39834
3,2,0,56,3,2,0,16283
3,2,0,50,2,1,1,40707
2,2,0,43,0,2,0,16283
3,2,0,50,1,2,0,24424
3,1,2,33,0,3,0,6435
7,1,5,26,0,1,2,51487
3,2,0,48,1,1,1,25744
3,1,1,23,0,2,0,12872
4,1,1,26,0,1,2,7251
4,2,0,49,0,2,0,21752
4,2,0,26,2,2,0,14501
2,2,0,58,0,2,0,33888
2,2,0,75,5,2,0,8472
3,1,2,51,0,2,0,8472
3,2,0,35,0,1,1,23456
7,1,2,34,0,1,5,15637
2,1,3,43,0,1,2,23456
3,2,0,37,1,1,1,23456
3,2,0,54,1,2,0,27646
7,1,10,27,0,1,1,22116
2,1,1,65,0,2,0,16588
2,2,0,72,2,2,0,34263
3,2,0,44,3,2,0,25697
6,2,0,37,0,2,0,17131
2,2,0,69,5,2,0,25697
4,1,1,50,0,1,2,9257
7,1,2,54,0,1,2,27771
3,2,0,66,1,2,0,18514
4,2,0,34,3,1,3,18514
2,2,0,61,5,1,1,7181
3,2,0,66,0,1,3,21543
2,2,0,83,0,2,0,14362
8,1,6,48,0,1,3,21543
7,1,10,46,0,1,3,15793
3,2,0,54,1,2,0,31585
2,2,0,71,1,2,0,15793
3,1,1,53,0,1,1,15793
4,2,0,49,3,2,0,17135
2,2,0,65,1,2,0,25702
2,2,0,65,1,2,0,8567
2,2,0,65,5,2,0,25702
4,1,3,36,0,1,2,20626
7,1,7,20,0,1,4,30939
3,1,1,63,0,2,0,51565
7,1,3,62,0,1,3,41252
6,2,0,79,2,1,2,27119
7,1,6,59,0,1,1,36158
4,2,0,48,1,1,2,18079
3,2,0,48,0,1,1,45198
7,2,0,47,0,2,0,14809
7,2,0,30,0,1,4,14809
4,2,0,20,1,2,0,44428
2,2,0,77,1,1,1,8855
7,2,0,39,0,1,2,4428
4,2,0,59,0,2,0,13283
0,1,2,74,0,2,0,8855
3,2,0,62,1,2,0,15991
3,2,0,42,2,2,0,15991
7,1,2,45,0,1,1,10660
3,2,0,57,0,2,0,15991
7,2,0,54,0,2,0,24070
0,0,0,45,0,0,0,72211
3,2,0,53,3,2,0,27393
4,2,0,31,2,2,0,13697
7,2,0,34,3,2,0,13697
3,2,0,47,3,2,0,6848
2,2,0,29,2,2,0,8965
4,1,1,26,0,2,0,26895
3,1,1,48,0,2,0,26895
3,2,0,40,2,2,0,17930
7,1,6,27,0,1,2,6425
3,2,0,33,0,1,1,12850
7,1,1,28,0,2,0,25700
7,2,0,32,3,2,0,13810
2,2,0,68,2,2,0,13810
6,2,0,75,0,2,0,6905
4,2,0,56,3,1,1,14526
4,2,0,36,0,2,0,14526
2,2,0,65,5,1,1,43577
3,2,0,43,2,2,0,14526
4,2,0,24,0,2,0,15505
3,2,0,52,0,2,0,7752
2,2,0,47,3,2,0,23258
0,0,0,86,0,0,0,6430
4,1,3,20,0,2,0,19291
0,0,0,75,0,0,0,6430
7,2,0,36,0,2,0,12861
3,2,0,57,0,2,0,8432
3,1,2,21,0,2,0,8432
7,2,0,33,3,2,0,16862
3,2,0,39,3,2,0,16862
7,2,0,44,0,2,0,16031
4,2,0,58,5,2,0,16031
4,2,0,63,1,2,0,34770
3,2,0,36,0,2,0,34770
3,2,0,44,5,2,0,17384
4,2,0,40,0,2,0,8331
7,1,3,26,0,1,1,16663
6,1,1,49,0,1,1,16663
8,1,1,66,0,1,5,10729
8,1,40,51,0,1,5,10729
3,2,0,61,0,1,6,3576
5,1,1,74,0,1,5,14306
7,2,0,51,0,1,1,19190
7,1,3,54,0,1,5,19190
8,1,8,39,0,1,5,9595
2,2,0,67,0,2,0,7288
3,1,1,43,0,2,0,29155
6,2,0,42,0,1,1,14578
2,0,0,84,0,0,0,5458
0,0,0,80,0,0,0,10916
2,2,0,73,0,2,0,16374
0,2,0,53,1,3,0,16374
7,1,1,35,0,1,1,11982
3,2,0,85,3,1,6,11982
6,2,0,67,0,2,0,11982
8,1,3,32,0,1,1,5991
9,1,3,59,0,1,2,18378
7,1,1,67,0,1,1,18378
7,1,2,36,0,1,2,27567
7,1,2,61,0,1,5,9189
6,1,1,77,0,1,6,9241
7,2,0,37,0,1,1,18483
8,1,3,36,0,1,1,9241
3,2,0,38,2,2,0,15310
3,2,0,28,0,2,0,15310
2,1,1,48,0,3,0,15310
0,0,0,89,0,0,0,22966
4,2,0,36,0,1,1,19556
3,2,0,46,1,1,1,32593
4,2,0,41,0,2,0,19556
4,2,0,50,1,1,1,13037
7,1,8,40,0,1,6,8695
7,1,2,30,0,3,0,43474
3,1,1,45,0,2,0,17390
3,2,0,79,4,2,0,18563
3,2,0,35,0,2,0,55690
3,2,0,60,0,1,1,37127
7,1,8,29,0,1,2,21029
4,1,3,78,0,1,2,10515
7,1,20,67,0,2,0,21029
7,1,2,76,0,1,1,21029
4,1,2,42,0,1,1,24165
7,2,0,65,1,2,0,16110
4,2,0,53,1,2,0,8055
3,1,2,33,0,1,1,22380
3,0,0,27,0,0,0,11190
2,2,0,40,3,2,0,22380
4,2,0,24,3,1,1,55950
0,0,0,71,0,0,0,15943
2,2,0,38,0,1,1,23916
4,2,0,51,0,1,2,39860
6,1,2,33,0,1,1,18712
3,1,1,59,0,2,0,28068
7,1,3,23,0,1,2,28068
2,2,0,63,3,2,0,13892
4,1,20,53,0,1,2,6946
7,1,1,34,0,1,1,27784
3,1,2,48,0,1,2,20838
7,2,0,28,3,2,0,20391
7,1,4,47,0,2,0,10196
7,2,0,40,3,2,0,30587
4,2,0,38,0,1,1,21487
4,2,0,41,0,1,1,28649
7,2,0,54,0,1,3,21487
6,2,0,71,1,2,0,7930
3,1,2,26,0,1,1,15859
3,1,3,52,0,1,1,23789
3,2,0,38,3,1,2,23789
2,1,2,65,0,1,1,19833
2,2,0,53,0,1,1,29749
6,2,0,38,3,2,0,29749
6,2,0,50,1,2,0,15969
3,2,0,31,1,2,0,39925
4,2,0,43,0,2,0,47909
3,2,0,56,0,1,1,15969
4,2,0,33,1,1,1,16949
3,2,0,50,1,1,1,8475
2,1,1,62,0,2,0,27119
2,2,0,52,0,1,1,9040
3,2,0,73,0,2,0,25424
2,1,1,85,0,1,1,8475
7,1,2,45,0,2,0,20230
2,2,0,76,5,2,0,20230
9,1,3,54,0,1,3,20230
7,1,2,55,0,1,2,20230
2,2,0,86,1,1,1,8590
7,1,2,44,0,1,2,17180
7,1,1,32,0,1,1,34361
2,1,1,54,0,1,1,34361
4,1,6,50,0,1,4,32690
4,2,0,53,3,1,1,8173
3,2,0,32,0,2,0,8173
4,2,0,52,2,1,1,24518
4,2,0,42,3,1,1,22352
2,2,0,27,3,1,1,44705
7,1,1,28,0,1,1,22352
7,1,1,30,0,1,2,22352
4,1,2,47,0,1,1,30058
7,1,1,30,0,1,1,10020
3,2,0,30,3,1,1,20039
4,2,0,40,2,1,2,30058
3,2,0,76,2,2,0,23691
6,2,0,73,3,1,1,17768
2,2,0,44,3,2,0,22199
4,1,2,32,0,1,2,29598
2,1,1,65,0,2,0,29598
4,1,2,27,0,1,1,7400
7,2,0,42,0,1,1,11845
6,1,2,70,0,1,2,5923
4,2,0,70,1,1,1,11187
3,2,0,24,0,2,0,44747
2,2,0,56,0,2,0,11187
2,2,0,74,0,1,1,8530
3,1,2,52,0,1,2,17059
4,1,1,20,0,1,1,17059
8,1,2,41,0,1,1,24097
2,2,0,65,1,2,0,16065
2,2,0,55,0,2,0,24097
2,2,0,57,1,2,0,16065
4,1,2,29,0,1,3,16983
4,2,0,71,5,1,1,16983
4,1,3,30,0,1,1,16983
2,2,0,81,0,1,1,42457
7,2,0,29,0,1,1,12467
7,1,3,64,0,1,2,49866
4,1,3,26,0,1,3,23021
4,2,0,50,2,1,1,23021
7,1,1,26,0,1,1,15347
3,2,0,57,3,3,0,15347
7,2,0,45,3,2,0,19283
7,1,4,24,0,2,0,19283
7,2,0,59,1,2,0,9641
7,2,0,50,0,1,1,28924
7,1,2,35,0,1,3,33612
7,1,20,23,0,1,3,16806
2,1,2,81,0,2,0,8403
4,1,1,48,0,1,1,33612
7,1,7,25,0,1,1,14926
7,1,3,75,0,1,1,14926
3,2,0,38,0,2,0,14926
2,2,0,61,0,2,0,7463
4,2,0,23,1,2,0,33679
7,2,0,28,1,2,0,33679
3,2,0,37,1,2,0,11226
3,2,0,40,2,2,0,11226
4,2,0,41,3,2,0,18659
4,1,3,29,0,1,1,37317
7,2,0,33,3,1,2,9329
3,2,0,50,3,1,1,18659
3,1,3,30,0,1,1,58946
4,2,0,58,2,2,0,47156
3,1,1,51,0,1,2,23578
7,2,0,61,1,2,0,14289
2,2,0,78,1,2,0,14289
2,2,0,87,1,2,0,21434
3,2,0,38,1,2,0,13908
4,2,0,30,3,1,1,13908
2,1,1,75,0,1,1,8650
7,1,4,26,0,2,0,17301
4,0,0,43,0,0,0,34771
4,2,0,63,0,2,0,27817
4,1,2,20,0,1,1,25951
2,2,0,74,5,2,0,25951
2,2,0,81,5,2,0,22101
4,2,0,45,3,1,1,29468
6,1,4,48,0,1,1,14734
3,1,1,37,0,1,2,36835
3,2,0,36,0,2,0,8718
4,2,0,21,3,2,0,15872
4,2,0,30,3,2,0,23809
7,0,0,65,0,0,0,26156
4,2,0,25,0,2,0,17437
3,2,0,23,2,2,0,15872
2,2,0,51,1,2,0,17437
3,2,0,37,0,2,0,8153
2,1,1,70,0,2,0,30057
4,2,0,37,0,2,0,32613
6,2,0,72,2,2,0,20038
3,2,0,32,1,2,0,24460
2,2,0,64,3,2,0,30057
3,1,1,64,0,1,1,32771
3,2,0,38,3,1,1,32771
4,1,1,32,0,1,1,16385
2,2,0,80,1,2,0,26489
2,2,0,81,1,2,0,8830
3,2,0,30,3,2,0,17455
3,2,0,21,3,1,1,34910
4,1,3,46,0,2,0,8728
0,0,0,73,0,0,0,18950
7,1,3,41,0,1,1,28425
4,2,0,42,3,2,0,18950
7,2,0,65,0,1,2,16022
4,2,0,36,0,1,1,16022
4,1,5,23,0,1,1,16022
4,2,0,32,1,1,3,17326
3,1,1,45,0,1,1,25989
8,1,1,60,0,1,1,17326
3,1,1,61,0,2,0,10445
2,1,2,73,0,1,1,20889
7,2,0,44,0,2,0,20889
6,1,3,65,0,1,1,21564
6,2,0,65,3,1,1,43127
0,2,0,30,3,1,1,22736
3,2,0,47,3,2,0,37893
4,2,0,18,0,1,1,15158
7,1,4,26,0,1,1,15158
4,1,1,31,0,1,1,27129
4,1,3,23,0,2,0,18086
4,1,1,42,0,1,3,18086
2,0,0,37,0,0,0,26921
3,2,0,51,1,2,0,17948
5,2,0,63,5,2,0,35895
7,1,15,27,0,1,2,16845
3,2,0,38,0,1,1,16845
7,1,2,34,0,1,5,16845
7,1,2,60,0,1,2,10005
3,2,0,65,0,2,0,30014
7,1,2,38,0,1,3,20010
4,1,3,26,0,1,2,24365
3,2,0,22,0,2,0,32486
7,1,8,51,0,1,2,24365
4,2,0,28,3,1,1,24365
7,1,2,64,0,1,1,21895
7,1,5,28,0,1,1,21895
7,1,2,51,0,1,1,21895
7,1,1,65,0,1,1,32843
3,2,0,39,3,2,0,13663
2,1,30,64,0,2,0,13663
2,2,0,48,1,1,1,54652
7,1,6,47,0,1,3,27036
2,2,0,79,5,3,0,13518
6,1,2,64,0,1,1,13518
2,2,0,73,0,2,0,13518
4,2,0,66,5,1,1,9399
0,2,0,73,5,2,0,18798
2,2,0,48,1,3,0,18798
7,2,0,38,1,2,0,17147
7,2,0,25,3,2,0,17147
3,2,0,48,1,2,0,25721
7,2,0,38,3,2,0,17147
7,1,6,52,0,1,1,8740
6,1,1,34,0,1,2,17481
3,2,0,56,0,2,0,17481
4,2,0,33,0,1,1,18983
4,2,0,47,3,1,1,37966
3,1,2,29,0,2,0,47458
3,2,0,34,3,1,1,18983
7,1,2,42,0,1,3,25025
8,1,10,65,0,1,5,16684
7,1,2,24,0,1,5,8341
3,2,0,78,0,3,0,19972
7,1,3,35,0,1,3,19972
6,1,7,79,0,1,1,9987
7,1,2,54,0,1,2,8662
8,1,4,62,0,1,2,17324
4,2,0,47,0,1,2,17324
3,1,1,28,0,1,1,17324
3,1,1,29,0,1,1,18857
4,1,1,40,0,1,1,18857
3,2,0,40,3,2,0,18857
3,2,0,26,3,2,0,8074
4,1,5,18,0,1,1,24221
4,2,0,37,0,2,0,62137
6,2,0,59,0,3,0,82849
7,1,3,27,0,1,2,41425
3,1,1,60,0,1,1,29410
2,2,0,77,3,1,1,14705
7,1,2,39,0,1,5,7353
3,1,1,73,0,1,1,15803
3,2,0,21,0,1,1,21071
4,1,3,26,0,1,2,5268
3,2,0,28,3,1,1,18062
4,2,0,42,3,2,0,27093
4,2,0,27,0,1,2,27093
4,2,0,30,0,1,3,18062
3,2,0,31,3,1,1,19122
4,1,1,22,0,1,1,38244
3,1,1,47,0,2,0,19122
6,2,0,49,3,2,0,38244
4,2,0,49,3,1,2,23717
2,2,0,66,3,2,0,15811
3,2,0,72,0,1,1,15811
2,2,0,60,3,1,1,8225
3,2,0,51,3,2,0,24675
0,0,0,73,0,0,0,16449
2,2,0,73,0,1,1,16449
8,1,12,56,0,1,3,32345
7,1,2,53,0,1,1,43127
7,2,0,47,1,1,1,21564
3,2,0,86,5,1,1,14246
4,2,0,28,0,1,2,14246
4,2,0,53,5,1,2,33033
2,2,0,56,2,2,0,8258
2,2,0,47,0,1,1,24774
7,1,2,52,0,1,1,51421
7,1,2,37,0,2,0,25710
3,2,0,49,3,1,1,31004
4,1,2,44,0,1,1,20669
3,2,0,59,0,1,2,31004
4,2,0,18,3,2,0,31004
6,1,4,21,0,1,3,35426
3,2,0,63,2,3,0,26569
3,2,0,38,0,1,3,49335
4,2,0,19,3,1,1,49335
4,1,15,40,0,1,1,49335
3,2,0,42,3,1,1,16445
7,2,0,25,0,1,1,23980
7,1,7,26,0,1,4,23980
4,2,0,21,3,1,1,23980
6,2,0,49,0,1,1,28171
4,1,2,19,0,1,1,14086
4,1,2,27,0,1,1,14086
3,2,0,53,5,1,2,14086
4,2,0,32,0,1,1,9080
4,2,0,41,1,3,0,27239
7,1,1,23,0,1,1,63559
4,2,0,44,0,1,2,9080
7,2,0,69,3,2,0,17831
2,2,0,76,5,1,1,17831
7,1,5,38,0,1,4,17831
6,2,0,68,0,1,1,26213
4,1,3,52,0,1,1,26213
4,1,3,53,0,1,1,26213
4,1,2,25,0,1,1,22679
7,1,4,27,0,1,2,45357
3,2,0,56,0,1,3,34019
2,1,3,69,0,2,0,58093
3,1,2,36,0,1,1,19365
3,1,1,41,0,2,0,9682
5,2,0,72,0,1,1,9682
3,2,0,44,5,2,0,11737
0,2,0,54,5,2,0,23474
7,1,1,79,0,1,1,11737
7,1,2,39,0,1,4,23474
3,2,0,31,3,2,0,7349
3,2,0,36,3,1,1,22047
6,1,10,54,0,1,1,51443
3,1,1,57,0,2,0,14698
4,2,0,29,3,1,1,29658
4,2,0,21,3,3,0,39545
6,1,1,42,0,3,0,19772
4,2,0,39,3,2,0,7219
3,1,1,79,0,3,0,7219
4,1,2,55,0,1,6,7219
4,2,0,54,3,1,1,21657
7,1,4,42,0,1,1,29944
2,2,0,63,4,2,0,17967
2,2,0,74,3,2,0,11977
3,1,1,49,0,2,0,11977
2,2,0,49,1,1,1,19357
3,2,0,58,3,1,6,25809
3,2,0,54,0,1,6,25809
0,0,0,58,0,0,0,6453
3,2,0,42,3,1,1,14985
4,1,4,30,0,1,1,7492
4,2,0,34,3,1,1,7492
7,2,0,32,0,1,2,14985
2,2,0,63,2,2,0,7770
2,2,0,74,6,2,0,7770
2,2,0,61,5,2,0,7770
3,2,0,79,5,2,0,15542
3,2,0,32,3,2,0,15756
4,2,0,51,1,2,0,15756
3,2,0,29,2,3,0,15756
2,2,0,75,5,1,1,31512
4,2,0,22,1,1,1,17816
4,1,2,29,0,1,1,8908
2,2,0,74,0,2,0,26724
4,1,5,41,0,1,1,17816
4,2,0,41,3,1,1,37012
4,2,0,46,3,1,1,27759
7,1,2,49,0,1,1,27759
4,2,0,65,5,2,0,49019
2,2,0,64,5,1,1,29412
7,1,3,32,0,1,1,29412
3,2,0,39,0,2,0,19607
3,2,0,52,2,2,0,7864
4,2,0,35,2,1,1,15728
9,1,5,42,0,1,2,23592
7,2,0,60,2,1,1,15728
3,2,0,74,3,1,1,27826
2,2,0,70,1,2,0,6957
2,2,0,37,1,2,0,21757
3,2,0,28,3,2,0,43514
2,2,0,58,4,2,0,21757
3,2,0,43,1,2,0,21757
2,2,0,78,5,2,0,28135
3,2,0,38,3,1,1,37513
2,2,0,83,5,2,0,18756
2,2,0,65,5,2,0,18756
7,1,5,41,0,1,5,10931
6,1,2,59,0,1,4,32793
7,1,5,47,0,1,5,46240
7,1,5,66,0,1,5,61653
7,1,8,73,0,1,5,15413
9,1,3,58,0,1,5,30827
4,1,5,19,0,1,2,41508
7,1,5,37,0,1,4,8301
3,2,0,19,3,2,0,16603
0,2,0,65,1,2,0,16603
5,2,0,70,5,1,5,40111
3,2,0,76,1,2,0,30083
8,1,5,42,0,1,5,20056
6,2,0,48,4,1,4,40111
7,1,4,22,0,1,4,51914
3,2,0,48,3,1,3,41531
3,2,0,50,3,2,0,10383
4,1,2,36,0,2,0,44213
7,2,0,52,2,2,0,22106
4,1,2,18,0,2,0,44213
3,1,2,45,0,2,0,11053
7,2,0,50,3,1,3,8953
4,2,0,60,0,2,0,17905
3,2,0,74,5,1,1,26858
7,1,2,29,0,1,1,25826
7,1,3,58,0,1,3,17218
7,1,2,49,0,1,4,25826
6,2,0,46,3,1,1,25826
3,1,3,33,0,2,0,19171
3,2,0,36,3,2,0,19171
7,1,2,25,0,2,0,47927
0,0,0,59,0,0,0,38342
7,1,1,71,0,1,1,13602
7,1,1,58,0,2,0,20402
7,2,0,23,0,1,1,6801
3,1,5,27,0,1,1,24704
3,2,0,47,0,2,0,8234
0,1,1,69,0,2,0,7415
7,2,0,65,3,2,0,22245
7,1,2,32,0,1,1,43595
2,2,0,35,1,2,0,43595
7,2,0,62,0,2,0,7830
7,1,10,41,0,1,2,15660
7,1,1,47,0,1,2,15660
3,2,0,37,3,1,1,14727
2,2,0,84,5,2,0,7364
7,2,0,42,0,1,4,7364
2,2,0,70,1,2,0,11254
7,1,3,37,0,1,1,22508
2,2,0,55,0,1,1,22508
3,2,0,21,1,2,0,11254
7,2,0,33,0,1,1,16672
4,2,0,66,5,2,0,41679
7,1,2,41,0,1,1,13640
7,2,0,37,1,2,0,13640
7,1,1,23,0,1,2,82156
8,1,1,41,0,1,2,41078
4,2,0,39,5,3,0,12332
3,2,0,53,5,2,0,24663
7,1,2,33,0,1,1,9024
6,2,0,70,5,2,0,9024
3,1,1,56,0,1,1,9024
3,2,0,33,0,1,1,27158
2,2,0,57,3,1,1,36211
3,2,0,69,5,2,0,7530
7,1,3,45,0,1,4,15060
4,2,0,33,0,1,1,25951
0,0,0,72,0,0,0,8650
2,0,0,57,0,0,0,8650
7,1,5,21,0,1,1,31421
3,2,0,46,3,2,0,22876
3,2,0,38,0,2,0,22876
0,0,0,69,0,0,0,20545
3,1,1,36,0,1,2,30817
6,2,0,50,3,2,0,25246
7,2,0,53,0,1,1,16831
7,1,1,44,0,1,1,16831
2,1,2,68,0,2,0,16831
7,1,1,47,0,1,2,10580
7,1,4,20,0,1,1,10580
6,2,0,54,0,2,0,5290
7,2,0,26,0,1,1,17514
7,1,6,64,0,2,0,8757
2,2,0,64,0,2,0,35028
6,2,0,60,0,2,0,20371
2,2,0,80,0,2,0,13580
3,2,0,44,0,2,0,27857
7,1,4,76,0,1,1,13929
3,2,0,47,0,1,1,13777
7,1,2,24,0,1,5,20665
3,2,0,54,6,2,0,41330
4,2,0,30,1,1,1,17777
7,1,2,39,0,1,2,17777
2,1,6,51,0,2,0,8889
4,2,0,61,3,2,0,13841
2,2,0,39,3,2,0,13841
3,1,2,46,0,2,0,27681
4,1,3,31,0,1,2,6921
2,2,0,74,1,2,0,20823
3,1,1,37,0,1,1,20823
4,2,0,36,0,1,1,20823
7,2,0,25,0,1,1,20823
4,2,0,46,0,1,1,45288
4,2,0,48,0,2,0,15096
8,1,3,55,0,1,1,30192
4,2,0,18,1,1,1,15096
4,1,1,28,0,1,1,23455
7,1,1,63,0,1,1,35182
4,1,2,23,0,1,5,23455
7,1,2,67,0,2,0,23455
3,2,0,69,3,2,0,9079
8,2,0,36,0,2,0,9079
2,1,2,71,0,1,1,9079
99,2,0,49,0,1,1,27238
7,1,2,38,0,1,1,14541
7,1,3,68,0,2,0,21812
2,2,0,66,5,3,0,29083
3,2,0,46,0,1,1,7271
7,2,0,54,0,2,0,41003
3,2,0,40,0,2,0,41003
2,2,0,53,0,2,0,13668
4,2,0,47,0,1,1,41003
8,1,2,50,0,1,2,9103
7,1,3,63,0,1,1,18205
7,2,0,54,3,1,1,9103
2,1,2,69,0,2,0,14781
7,1,2,52,0,2,0,29563
3,2,0,45,3,2,0,14781
7,1,15,35,0,1,5,14781
3,1,2,24,0,1,1,8813
4,2,0,59,0,1,1,17627
7,2,0,36,0,1,1,8813
7,2,0,34,0,1,1,17627
7,1,2,67,0,2,0,8165
7,2,0,49,3,1,1,16330
3,2,0,35,0,1,1,16330
4,2,0,50,0,2,0,16330
4,1,5,31,0,1,1,14990
7,1,2,30,0,1,1,14990
7,1,1,38,0,1,1,7495
7,1,2,30,0,2,0,22485
4,2,0,22,0,1,1,20585
3,2,0,77,3,2,0,20585
3,2,0,54,0,1,1,51463
2,2,0,56,0,2,0,41170
2,2,0,94,5,2,0,10327
7,1,2,63,0,1,1,22043
8,1,1,56,0,1,2,30983
6,1,1,80,0,2,0,30983
7,1,1,84,0,1,5,11021
7,1,1,54,0,1,4,22043
4,1,2,70,0,1,1,33064
4,1,1,47,0,2,0,30853
4,2,0,23,0,1,1,23139
4,2,0,26,0,1,1,30853
3,2,0,33,2,2,0,15426
4,2,0,50,0,1,1,9636
7,1,2,73,0,2,0,19273
7,1,1,26,0,1,1,38545
2,2,0,62,3,2,0,28909
6,2,0,52,0,1,2,31650
7,2,0,25,0,1,1,31650
7,2,0,70,0,2,0,23738
6,2,0,81,0,1,1,15825
3,2,0,75,0,1,1,13651
2,2,0,66,2,2,0,20475
2,2,0,69,0,2,0,6825
3,2,0,39,0,1,1,56040
7,2,0,51,0,1,2,93400
3,1,2,40,0,1,1,56040
4,1,5,19,0,2,0,32424
4,1,3,37,0,1,5,16212
2,2,0,20,0,1,1,32424
3,2,0,32,0,1,1,16212
3,2,0,22,0,1,1,31745
3,2,0,39,1,2,0,15872
6,1,20,66,0,1,1,22481
7,1,1,49,0,1,1,33722
7,1,5,52,0,1,1,15334
7,1,3,27,0,1,5,7667
6,2,0,48,0,1,1,15334
2,1,2,61,0,1,1,15334
4,2,0,44,0,1,1,27805
6,2,0,42,2,1,1,18537
3,2,0,45,0,2,0,37073
2,2,0,25,0,1,1,27805
0,0,0,70,0,0,0,9340
2,2,0,61,2,2,0,9340
3,2,0,46,3,2,0,9340
3,1,2,33,0,2,0,37357
8,1,2,30,0,1,1,30355
7,1,5,68,0,1,2,30355
7,1,1,45,0,1,1,40473
8,1,4,50,0,1,2,20236
7,1,3,67,0,1,1,21398
7,2,0,87,6,1,1,10699
7,1,1,26,0,1,1,21398
7,2,0,84,0,1,1,21398
3,2,0,57,3,2,0,8170
3,1,2,45,0,1,1,8170
99,1,1,61,0,2,0,32680
2,1,2,49,0,1,1,38849
6,2,0,53,3,2,0,15540
7,1,5,31,0,2,0,31079
3,2,0,50,3,2,0,23310
9,1,4,60,0,2,0,5008
7,1,3,26,0,1,1,20033
2,2,0,61,0,1,1,16452
3,2,0,31,3,2,0,16452
3,1,4,30,0,2,0,32905
3,2,0,35,3,1,1,16452
7,1,2,29,0,1,1,25951
3,2,0,25,0,1,1,17301
3,2,0,57,3,1,1,25951
4,1,5,23,0,1,1,43252
7,1,5,50,0,1,5,44097
7,1,4,40,0,1,5,11024
6,2,0,45,3,2,0,16589
7,1,4,61,0,1,1,8294
3,2,0,52,2,2,0,33177
3,1,3,58,0,2,0,8294
7,1,1,69,0,1,2,19974
7,1,1,35,0,1,1,24074
2,2,0,55,3,2,0,16049
7,2,0,34,0,1,3,16049
3,2,0,27,3,2,0,26973
3,2,0,53,3,2,0,35963
3,2,0,35,3,2,0,8991
7,2,0,36,0,1,1,11392
6,2,0,72,0,1,1,17088
7,2,0,33,3,1,1,19748
3,1,3,28,0,1,2,19748
7,2,0,36,0,1,1,9873
3,2,0,26,0,2,0,22980
8,1,3,68,0,1,1,14851
3,2,0,52,0,2,0,22276
4,1,1,57,0,2,0,15225
3,2,0,30,3,2,0,15225
7,1,4,19,0,2,0,27976
7,1,5,25,0,1,1,20982
7,2,0,65,0,1,1,20982
7,1,3,38,0,1,2,13988
7,1,2,36,0,1,1,16340
6,1,1,54,0,2,0,24510
4,1,4,22,0,2,0,24510
4,2,0,26,0,1,1,16340
7,2,0,21,0,1,3,37697
3,2,0,43,2,1,2,7540
3,2,0,60,2,2,0,7540
3,2,0,37,1,1,1,22618
3,2,0,46,0,1,1,47149
3,1,1,52,0,2,0,37719
4,2,0,22,0,2,0,18860
2,2,0,64,2,2,0,18860
3,1,1,34,0,2,0,33208
2,1,4,57,0,2,0,44277
2,2,0,51,1,1,1,8051
3,1,3,31,0,1,1,16102
2,2,0,60,0,2,0,8051
3,2,0,64,0,1,1,17326
4,2,0,54,0,2,0,8663
7,1,1,21,0,1,1,25989
8,1,2,35,0,1,2,31394
7,1,8,49,0,1,2,41859
3,1,2,44,0,2,0,31394
4,2,0,26,1,1,1,20929
6,2,0,52,3,2,0,33487
6,1,2,74,0,2,0,25115
4,2,0,40,0,2,0,16744
7,1,2,61,0,1,5,27369
7,2,0,24,0,1,2,18246
7,1,6,47,0,1,4,18246
7,2,0,24,0,1,1,36492
3,2,0,75,0,2,0,16654
2,2,0,83,0,2,0,41636
3,2,0,70,4,2,0,16654
4,2,0,46,3,1,1,33309
7,1,2,24,0,1,1,48351
4,2,0,54,0,1,1,9670
7,1,2,37,0,1,1,19341
2,1,1,80,0,2,0,9670
4,1,1,65,0,2,0,17691
7,2,0,50,0,1,1,26536
7,1,6,22,0,1,1,8845
6,2,0,57,0,1,1,43127
6,2,0,68,0,2,0,21564
6,1,2,20,0,1,2,32345
3,1,4,35,0,2,0,15837
2,2,0,52,0,2,0,7918
5,1,8,69,0,2,0,15837
2,2,0,48,3,2,0,31674
5,2,0,43,0,2,0,29624
6,1,1,51,0,2,0,29624
7,1,1,21,0,1,1,39499
3,2,0,67,0,1,1,9874
3,1,1,47,0,2,0,7909
2,2,0,69,5,2,0,7909
2,2,0,59,3,2,0,15818
4,1,2,21,0,2,0,15818
6,2,0,71,2,2,0,7853
6,2,0,67,2,1,1,23560
6,1,2,58,0,1,1,15707
4,2,0,19,0,1,1,42319
6,1,2,58,0,1,2,8464
2,2,0,49,0,2,0,8464
3,2,0,56,0,2,0,8464
6,2,0,54,5,1,3,28849
2,2,0,69,1,2,0,19232
7,2,0,31,0,1,1,28849
3,1,1,32,0,1,1,27667
4,2,0,25,1,1,1,18445
3,1,3,26,0,2,0,18445
2,0,0,44,0,0,0,18445
7,1,3,26,0,1,1,20416
7,1,2,44,0,1,5,20416
6,2,0,52,2,1,1,20416
7,2,0,31,3,1,2,20416
7,2,0,44,0,1,1,36870
4,2,0,69,0,1,1,18435
7,2,0,62,3,2,0,33715
7,1,4,33,0,1,1,8429
4,2,0,55,3,1,1,25286
4,1,1,32,0,2,0,16858
4,1,1,29,0,1,2,24654
2,2,0,54,3,2,0,8218
4,1,4,50,0,1,2,16435
4,1,2,20,0,2,0,16435
3,2,0,28,3,1,1,9827
2,2,0,59,0,2,0,19652
7,2,0,29,3,1,1,19652
6,2,0,31,0,2,0,21564
7,2,0,24,0,2,0,21564
7,2,0,65,0,1,1,21564
7,1,1,41,0,1,4,20726
3,2,0,42,0,1,1,51816
7,2,0,50,0,1,1,10364
7,1,15,23,0,1,4,38476
4,2,0,41,0,2,0,19238
3,2,0,58,0,1,2,19238
8,1,1,34,0,2,0,14874
6,1,1,49,0,2,0,29748
3,2,0,29,0,1,1,29748
3,2,0,33,1,2,0,7437
4,1,2,20,0,1,1,30692
4,2,0,51,0,2,0,30692
3,1,1,41,0,1,2,20461
6,2,0,25,2,2,0,26153
2,2,0,19,0,2,0,43587
8,1,3,48,0,1,1,34870
7,1,2,26,0,2,0,24761
7,1,2,35,0,1,1,12380
2,2,0,75,5,2,0,18571
6,2,0,73,5,3,0,6190
4,1,3,79,0,1,1,35366
3,2,0,74,0,2,0,17683
7,2,0,57,0,2,0,8842
6,2,0,71,0,1,1,17683
7,2,0,31,0,2,0,28683
0,0,0,42,0,0,0,28683
7,2,0,63,0,1,1,19122
3,2,0,47,3,2,0,28683
4,1,12,28,0,1,2,12716
2,2,0,51,1,2,0,25432
7,2,0,31,0,1,1,25432
3,2,0,48,4,2,0,7269
3,2,0,57,3,2,0,29077
4,1,1,21,0,1,1,21808
4,2,0,36,0,1,1,21808
2,1,30,84,0,2,0,6863
3,1,8,25,0,1,1,6863
7,2,0,32,0,1,2,34314
7,1,2,48,0,1,2,13726
3,2,0,29,0,2,0,15619
2,2,0,79,6,2,0,15619
4,2,0,42,0,1,1,15619
2,2,0,61,1,2,0,15619
8,1,2,68,0,1,5,27150
7,2,0,37,0,1,5,27150
7,1,11,24,0,1,3,40725
4,1,2,39,0,1,1,27150
4,1,70,24,0,1,5,37754
2,1,1,67,0,2,0,7551
0,2,0,66,5,2,0,15102
4,2,0,38,0,2,0,7551
4,2,0,29,0,1,1,30103
2,1,1,52,0,1,1,40138
3,1,2,39,0,2,0,20069
7,2,0,45,0,1,3,40138
9,1,15,45,0,1,1,15232
6,2,0,66,0,2,0,15232
7,1,15,25,0,1,3,22847
7,2,0,23,0,1,2,27025
4,1,2,43,0,1,1,16215
6,2,0,48,0,2,0,27305
2,2,0,58,5,2,0,18203
3,1,1,52,0,2,0,9102
8,2,0,44,0,1,1,11936
4,2,0,26,0,1,5,5969
2,1,3,30,0,2,0,17905
3,1,1,73,0,1,2,9131
7,1,2,39,0,1,2,9131
7,1,5,22,0,1,3,9131
2,2,0,67,1,2,0,7106
3,1,1,49,0,1,4,7106
7,2,0,40,0,2,0,7106
3,2,0,41,3,2,0,14212
7,1,1,19,0,1,1,12536
7,2,0,27,0,1,5,50143
4,1,1,31,0,1,1,37607
7,2,0,42,0,1,1,25072
4,2,0,24,3,2,0,7997
7,2,0,36,0,2,0,7997
6,1,3,29,0,2,0,23990
7,2,0,52,3,2,0,15993
3,1,2,39,0,1,1,19371
4,2,0,22,0,1,1,48427
2,1,1,72,0,2,0,9685
7,1,2,29,0,1,1,48427
2,1,1,83,0,2,0,8304
4,2,0,28,3,1,1,16609
3,1,1,52,0,1,1,33218
7,2,0,62,1,1,1,16609
7,1,2,32,0,1,1,19639
7,2,0,30,3,2,0,9820
6,2,0,35,0,1,1,29458
3,1,1,50,0,1,1,38980
7,1,1,51,0,1,2,9745
4,2,0,56,0,1,2,29235
3,1,2,53,0,1,2,9745
7,1,5,46,0,1,5,27087
6,1,3,51,0,2,0,54175
4,1,5,18,0,1,1,54175
2,2,0,43,1,2,0,27087
3,2,0,25,0,1,1,17890
4,1,1,55,0,2,0,26836
2,2,0,63,3,2,0,26836
7,1,1,55,0,1,2,23941
7,1,6,21,0,1,2,11971
3,1,20,49,0,2,0,25454
4,1,1,21,0,1,2,50908
4,2,0,37,0,2,0,25454
3,2,0,31,3,2,0,25454
7,1,8,39,0,1,5,17504
4,2,0,38,3,2,0,26257
7,1,4,27,0,1,5,8752
7,2,0,70,0,1,4,14470
8,2,0,60,0,2,0,14470
3,2,0,18,3,3,0,37460
3,2,0,48,3,1,1,37460
4,1,1,50,0,2,0,24973
7,2,0,24,0,1,1,24973
7,1,5,26,0,1,2,14043
7,1,1,35,0,1,1,21065
7,1,1,55,0,1,1,14043
4,2,0,56,0,1,1,29857
7,2,0,35,0,1,5,19904
8,1,1,40,0,1,3,9953
4,1,6,53,0,1,3,10487
4,1,1,51,0,1,1,5243
4,1,2,27,0,2,0,26217
7,1,1,51,0,1,6,7521
4,1,2,20,0,1,2,30085
7,2,0,28,3,1,1,30085
6,2,0,64,0,2,0,7521
6,1,3,64,0,1,3,22313
7,1,2,60,0,1,3,22313
4,1,2,44,0,1,2,11157
8,1,4,60,0,1,4,22313
6,2,0,58,5,1,1,24632
4,1,1,34,0,2,0,16421
4,2,0,54,3,1,1,34331
6,2,0,82,5,3,0,8583
6,1,2,47,0,1,1,25748
3,2,0,23,2,1,1,17165
2,2,0,53,1,1,6,67677
7,1,3,21,0,1,1,54141
0,2,0,49,3,2,0,27071
3,2,0,40,4,1,1,13535
3,2,0,23,1,1,1,41192
4,2,0,29,0,1,2,20596
2,2,0,54,0,2,0,41192
4,2,0,30,1,1,1,10299
7,1,8,32,0,1,1,29748
6,1,1,53,0,1,1,22311
7,1,1,37,0,2,0,7437
4,1,2,30,0,1,1,14874
3,2,0,40,3,1,1,18822
4,2,0,35,0,1,1,9412
7,1,1,36,0,1,1,18822
7,1,2,23,0,1,3,39613
7,1,1,34,0,1,1,39613
7,1,2,44,0,1,2,23419
6,1,2,82,0,1,1,23419
3,2,0,29,3,1,1,54643
3,2,0,45,3,1,1,23419
0,2,0,58,5,2,0,13722
3,2,0,30,0,2,0,13722
3,1,1,55,0,2,0,13722
4,1,1,36,0,1,1,6860
7,1,2,77,0,1,5,8934
7,1,1,28,0,1,1,8934
3,1,1,49,0,2,0,4968
4,2,0,40,0,2,0,9936
4,2,0,39,0,2,0,14904
4,2,0,20,0,3,0,14904
6,1,2,60,0,1,1,7181
2,1,1,68,0,2,0,17954
2,2,0,33,0,2,0,3591
4,2,0,18,0,1,1,3591
7,2,0,25,0,2,0,13028
7,2,0,66,3,2,0,19542
7,2,0,58,0,1,1,6514
3,2,0,42,3,1,4,13028
3,2,0,23,1,1,1,31235
2,1,1,58,0,2,0,93705
3,2,0,28,0,2,0,124941
4,1,1,30,0,1,2,62470
2,2,0,71,0,2,0,14698
4,1,2,30,0,1,2,36745
7,1,3,18,0,1,2,14698
7,1,2,32,0,2,0,13765
4,1,2,36,0,1,1,6882
4,2,0,25,0,2,0,13765
7,1,1,34,0,1,2,6882
3,2,0,54,0,1,1,14808
7,2,0,65,3,1,2,7405
3,2,0,60,0,2,0,14808
4,1,3,30,0,1,1,14808
7,1,3,46,0,2,0,9778
7,2,0,35,3,1,1,9778
4,2,0,22,3,2,0,39115
3,2,0,55,3,2,0,9778
0,1,1,71,0,2,0,27873
2,2,0,22,0,1,1,34842
2,1,1,46,0,2,0,13937
4,2,0,34,0,1,2,27873
3,2,0,66,3,2,0,7781
3,2,0,60,3,2,0,38903
2,2,0,58,3,3,0,15561
4,2,0,59,0,1,1,15561
2,1,1,69,0,3,0,21119
4,1,3,26,0,1,1,52798
8,1,3,31,0,1,2,31679
2,2,0,57,5,2,0,37185
4,1,1,27,0,1,1,29748
4,2,0,33,0,1,4,14874
7,1,1,30,0,1,1,29748
2,2,0,70,0,1,2,38321
4,2,0,41,3,2,0,9580
3,2,0,38,3,1,1,9580
3,2,0,24,0,2,0,33763
6,1,1,61,0,2,0,33763
7,1,2,24,0,1,1,33763
7,1,8,21,0,1,2,8441
3,1,4,44,0,1,2,22708
3,2,0,45,3,2,0,15138
3,2,0,35,3,2,0,15138
6,1,2,31,0,1,1,15138
6,1,8,22,0,1,1,23910
3,2,0,46,3,2,0,15940
4,1,1,32,0,1,1,15940
3,2,0,37,3,1,1,15940
7,1,4,35,0,1,2,19750
7,1,2,25,0,1,2,29624
4,2,0,71,3,3,0,9874
7,1,1,45,0,2,0,17918
3,1,5,24,0,2,0,26877
3,2,0,57,3,2,0,35836
3,2,0,34,3,1,1,17918
7,1,1,61,0,1,2,26872
3,2,0,56,3,1,4,17914
3,1,1,51,0,2,0,7335
4,2,0,22,3,2,0,22006
3,1,1,45,0,2,0,7335
4,1,1,21,0,3,0,36678
7,2,0,24,3,1,2,15538
2,2,0,69,5,2,0,15538
0,2,0,48,3,2,0,31077
0,2,0,47,0,2,0,25650
3,1,1,45,0,2,0,17100
4,1,1,21,0,2,0,25650
7,2,0,40,0,2,0,25650
2,2,0,61,5,2,0,31089
7,2,0,65,1,2,0,23317
4,1,1,54,0,2,0,27215
3,2,0,47,3,2,0,18143
7,2,0,39,0,2,0,18143
4,2,0,45,0,1,1,18143
4,1,4,21,0,1,1,42440
4,1,1,20,0,1,1,33952
7,2,0,71,0,2,0,8488
7,2,0,57,0,2,0,8488
3,2,0,45,0,2,0,24871
6,1,2,26,0,1,1,24871
6,1,3,44,0,2,0,16581
3,2,0,22,0,2,0,16581
6,2,0,55,3,1,1,20545
4,2,0,47,0,1,1,10272
7,2,0,59,0,1,3,20545
6,1,1,65,0,1,2,30817
7,1,3,61,0,2,0,28266
7,1,1,63,0,2,0,9422
7,1,4,67,0,1,1,18844
4,2,0,50,0,1,1,34954
2,0,0,25,0,0,0,43694
4,2,0,33,3,1,1,66342
7,2,0,51,0,2,0,24878
7,2,0,65,3,2,0,24878
7,1,3,21,0,1,1,24878
7,1,3,62,0,1,1,7666
7,1,12,31,0,1,2,45998
2,1,1,82,0,2,0,7666
7,2,0,52,3,2,0,29265
7,1,2,53,0,1,1,19509
3,2,0,62,3,2,0,29265
4,2,0,60,1,1,3,7465
7,2,0,28,0,2,0,7465
3,2,0,67,0,1,2,17969
7,1,2,76,0,2,0,17969
7,1,3,32,0,1,2,17969
7,2,0,46,0,2,0,26954
2,2,0,71,5,1,1,16521
3,2,0,38,5,2,0,8260
3,2,0,51,1,1,1,16521
4,2,0,28,0,1,2,33040
3,2,0,58,0,1,1,32809
7,1,3,25,0,1,1,16276
4,1,2,35,0,1,1,8138
7,1,1,33,0,1,1,16276
6,1,1,60,0,1,4,8138
3,2,0,40,3,2,0,19410
4,2,0,29,0,1,1,19410
6,1,5,47,0,2,0,19410
7,2,0,42,0,1,1,19410
3,2,0,77,0,2,0,8593
2,2,0,36,1,2,0,42965
4,1,1,19,0,1,1,25779
3,2,0,45,1,2,0,18066
3,2,0,26,1,1,1,18066
4,2,0,28,1,2,0,9033
3,1,15,30,0,1,2,18066
3,2,0,46,0,1,1,17153
3,2,0,54,1,2,0,8576
3,2,0,66,0,1,1,8576
3,2,0,54,0,1,1,34305
8,1,3,30,0,1,2,29732
7,1,12,56,0,2,0,9911
7,1,6,56,0,1,4,59462
6,2,0,43,2,1,1,20295
8,1,4,71,0,1,2,10147
9,2,0,63,0,1,2,10147
4,2,0,44,0,1,1,17432
3,2,0,47,3,1,1,17432
3,2,0,47,0,1,2,17432
4,1,5,19,0,1,3,26148
6,2,0,58,1,1,1,15751
2,0,0,44,0,0,0,7875
4,1,4,43,0,2,0,23626
3,1,1,47,0,1,2,15751
4,1,1,32,0,1,4,20545
8,1,5,45,0,1,1,20545
9,1,2,68,0,1,2,26085
5,1,1,71,0,3,0,8695
7,1,30,26,0,2,0,8695
7,1,3,46,0,1,6,17390
4,1,1,61,0,3,0,7497
7,1,1,34,0,1,1,7497
6,1,1,61,0,2,0,7497
7,2,0,28,1,2,0,7497
4,1,2,27,0,2,0,15512
4,1,2,39,0,2,0,15512
3,1,1,69,0,2,0,7755
4,2,0,46,0,2,0,15512
3,2,0,59,0,2,0,8304
6,1,1,57,0,1,1,8304
4,1,1,47,0,1,1,24913
4,2,0,47,3,1,1,24913
7,1,2,40,0,1,1,17644
8,1,10,49,0,1,5,17644
7,1,5,20,0,1,1,8822
4,2,0,74,1,2,0,17644
6,1,1,65,0,2,0,15714
7,1,2,22,0,2,0,39284
0,0,0,62,0,0,0,15714
7,1,2,41,0,1,1,23570
3,1,1,42,0,1,1,8545
7,1,3,83,0,1,1,17090
2,2,0,76,5,2,0,17090
7,1,1,54,0,3,0,17090
4,1,2,32,0,2,0,16200
2,1,1,58,0,2,0,24300
2,1,1,73,0,3,0,16200
7,1,1,25,0,1,1,16200
4,1,1,48,0,1,1,9652
7,1,1,37,0,1,1,19304
3,1,1,44,0,2,0,28956
4,2,0,46,0,2,0,23689
3,2,0,37,1,1,1,35533
4,2,0,24,3,2,0,23689
7,2,0,46,3,1,1,28934
2,2,0,73,3,1,1,8843
6,1,2,36,0,1,2,8843
6,2,0,71,3,2,0,17687
4,2,0,39,0,1,1,26530
7,1,2,77,0,1,1,16243
7,1,1,30,0,2,0,16243
7,2,0,39,1,2,0,24365
6,2,0,49,0,2,0,16243
4,2,0,55,0,2,0,17487
7,1,1,35,0,2,0,26230
3,2,0,44,0,2,0,17487
3,1,5,35,0,2,0,17487
7,1,1,21,0,1,1,60896
4,2,0,36,0,1,1,24359
4,2,0,41,3,1,1,36538
4,2,0,21,0,1,1,27967
0,2,0,64,3,2,0,9323
4,2,0,24,0,2,0,18644
7,1,2,20,0,2,0,27967
4,2,0,25,1,2,0,24835
3,2,0,34,1,2,0,24835
3,2,0,24,3,2,0,24835
4,2,0,44,0,1,1,14220
4,2,0,38,0,3,0,14220
4,1,2,47,0,1,2,21330
7,2,0,55,3,1,2,7110
7,2,0,60,3,1,3,20634
3,2,0,53,0,2,0,20634
7,2,0,21,0,1,3,30951
4,2,0,40,0,2,0,34602
2,1,1,55,0,1,1,17301
2,0,0,87,0,0,0,8650
2,2,0,68,1,2,0,17301
7,2,0,41,3,2,0,16984
6,2,0,51,1,2,0,16984
7,1,8,40,0,1,1,8492
4,2,0,60,0,1,1,16984
7,2,0,62,0,3,0,8663
2,2,0,47,3,2,0,8663
7,2,0,34,0,1,3,8663
2,2,0,44,3,2,0,34652
3,1,3,33,0,1,2,19715
2,1,1,33,0,2,0,29572
7,1,10,33,0,2,0,29572
2,2,0,71,5,2,0,29572
4,1,6,19,0,1,1,49543
3,2,0,30,1,3,0,9909
7,2,0,31,1,3,0,12513
3,1,1,40,0,2,0,25026
4,2,0,62,1,2,0,12513
3,2,0,56,0,1,2,18770
3,2,0,38,3,1,1,19666
4,2,0,32,3,1,1,29500
3,2,0,23,0,1,1,19666
3,2,0,57,3,2,0,19666
5,1,3,67,0,1,4,20821
4,1,1,18,0,1,1,20821
4,1,2,19,0,1,1,41643
5,2,0,69,0,2,0,20821
7,2,0,30,0,1,1,34219
3,1,1,54,0,2,0,68437
7,1,1,45,0,2,0,22813
4,2,0,28,0,1,4,34219
3,2,0,44,1,2,0,32014
7,2,0,44,0,2,0,24011
7,2,0,55,0,1,1,40018
7,1,6,24,0,2,0,40018
4,2,0,20,0,1,3,37512
3,2,0,42,0,2,0,18756
3,2,0,28,3,2,0,18756
3,2,0,47,1,2,0,21372
2,2,0,51,1,2,0,42744
3,2,0,21,0,2,0,21372
6,1,3,55,0,1,1,12035
4,2,0,56,3,2,0,18053
7,1,3,51,0,1,1,18053
2,2,0,61,3,2,0,19031
3,2,0,44,0,2,0,28546
2,2,0,21,0,2,0,38062
6,2,0,68,3,3,0,6497
4,2,0,28,3,3,0,12994
7,2,0,29,0,3,0,32486
3,2,0,51,3,3,0,12994
4,1,1,37,0,2,0,22643
2,2,0,62,0,1,2,15096
4,2,0,60,0,2,0,22643
4,1,2,52,0,1,3,23971
7,1,3,37,0,1,4,7990
7,2,0,33,0,1,3,23971
4,1,1,60,0,1,2,6989
3,2,0,55,3,1,1,20968
2,1,3,63,0,1,3,6989
4,2,0,40,3,2,0,20968
7,1,2,51,0,1,3,44464
6,1,3,23,0,1,3,22232
2,2,0,57,3,3,0,7888
2,2,0,78,3,2,0,7888
2,2,0,50,0,2,0,7888
4,1,2,38,0,1,2,31548
4,1,1,48,0,1,1,25951
2,2,0,33,3,3,0,17301
3,2,0,59,0,1,2,17301
3,2,0,51,0,1,2,17301
7,2,0,80,0,1,4,8429
7,1,4,48,0,1,4,16859
7,1,3,44,0,1,4,16859
4,2,0,42,3,2,0,7777
0,0,0,75,0,0,0,15555
2,2,0,77,0,2,0,15555
4,2,0,25,0,3,0,31109
4,1,4,18,0,1,3,22191
3,2,0,35,0,1,2,22191
3,2,0,57,0,1,3,22191
7,1,2,41,0,1,3,22191
4,2,0,40,3,1,1,23729
4,1,12,61,0,1,4,23729
7,1,3,24,0,1,2,11864
7,1,4,22,0,1,2,42571
3,1,5,52,0,1,1,34056
3,2,0,45,0,1,1,25543
2,0,0,88,0,0,0,8514
3,2,0,28,0,1,2,23240
3,1,2,69,0,1,3,7747
7,1,2,42,0,1,2,23240
2,2,0,60,0,1,2,15493
2,1,4,27,0,1,3,6291
6,2,0,31,0,2,0,12582
0,2,0,81,1,2,0,25165
2,2,0,58,3,2,0,12582
3,2,0,23,0,1,1,59461
3,2,0,44,1,2,0,19821
7,1,4,35,0,2,0,19821
8,1,2,44,0,1,5,19821
6,1,2,31,0,1,2,9452
7,1,4,28,0,2,0,18903
3,1,1,24,0,1,1,18903
6,1,1,40,0,1,6,18903
8,1,2,61,0,1,2,17956
6,2,0,69,5,1,6,8978
7,1,1,33,0,2,0,26934
4,2,0,38,2,1,4,22870
6,1,2,66,0,2,0,7624
99,2,0,57,3,3,0,7624
2,2,0,63,0,2,0,31456
7,2,0,67,0,1,1,7864
4,2,0,35,0,2,0,23592
3,2,0,50,0,1,1,7864
3,1,3,72,0,3,0,6226
7,2,0,64,0,1,1,12453
6,2,0,71,0,1,4,6226
2,2,0,69,1,2,0,15865
2,2,0,67,3,3,0,15865
7,1,1,58,0,2,0,15865
7,2,0,67,1,2,0,10002
4,2,0,65,0,3,0,30006
2,2,0,64,0,1,2,31653
7,1,2,42,0,1,1,15827
2,0,0,64,0,0,0,23740
3,2,0,68,2,2,0,15827
7,2,0,22,0,2,0,27611
0,0,0,65,0,0,0,6902
3,2,0,70,0,3,0,20708
3,2,0,70,3,3,0,22882
6,2,0,29,0,2,0,22882
7,2,0,38,0,2,0,30509
3,2,0,53,1,1,2,37370
3,2,0,28,3,2,0,37370
4,1,10,19,0,2,0,37370
4,2,0,19,0,1,1,37370
8,1,10,67,0,2,0,8574
8,1,2,31,0,1,3,17147
7,1,3,40,0,1,2,25720
3,2,0,63,2,1,1,19991
7,2,0,64,0,1,3,19991
7,2,0,68,5,1,5,4998
7,1,1,78,0,1,2,4998
8,1,5,33,0,1,1,7890
3,2,0,46,3,2,0,15778
4,2,0,31,0,1,1,23668
3,1,3,47,0,1,1,31557
4,2,0,19,0,1,2,24915
3,1,1,48,0,2,0,16610
7,2,0,41,3,1,2,16610
2,2,0,74,5,1,1,8305
7,1,2,21,0,1,3,34833
4,1,1,33,0,1,1,17416
7,1,50,23,0,1,1,34833
6,1,2,44,0,1,1,20755
4,2,0,47,0,1,1,20755
3,1,3,25,0,1,2,10378
2,2,0,41,0,2,0,22659
2,2,0,63,3,1,1,22659
3,2,0,49,3,2,0,45319
3,2,0,53,0,2,0,22659
6,1,1,37,0,1,1,5775
2,1,3,76,0,2,0,5775
7,1,2,47,0,1,4,17326
2,2,0,63,0,2,0,16099
7,1,1,61,0,1,2,24149
2,1,2,59,0,2,0,16099
7,1,4,36,0,1,3,16099
7,1,1,21,0,1,3,38983
7,2,0,51,3,1,2,15593
